format,workload,run,seconds,rows,bytes,checksum
CompreSSoR Pcodec,compress_end_to_end,1,7.492,1124344,4371370,1124344
CompreSSoR Pcodec,compress_end_to_end,2,7.038,1124344,4371370,1124344
CompreSSoR Pcodec,compress_end_to_end,3,7.001,1124344,4371370,1124344
CompreSSoR Pcodec,compress_end_to_end,4,6.920,1124344,4371370,1124344
CompreSSoR Pcodec,compress_end_to_end,5,7.149,1124344,4371370,1124344
CompreSSoR Pcodec,full_core,1,0.080,1124344,4371370,141519510196581
CompreSSoR Pcodec,full_core,2,0.073,1124344,4371370,141519510196581
CompreSSoR Pcodec,full_core,3,0.080,1124344,4371370,141519510196581
CompreSSoR Pcodec,full_core,4,0.072,1124344,4371370,141519510196581
CompreSSoR Pcodec,full_core,5,0.071,1124344,4371370,141519510196581
CompreSSoR Pcodec,full_with_beta_p,1,0.072,1124344,4371370,141519510745201
CompreSSoR Pcodec,full_with_beta_p,2,0.076,1124344,4371370,141519510745201
CompreSSoR Pcodec,full_with_beta_p,3,0.071,1124344,4371370,141519510745201
CompreSSoR Pcodec,full_with_beta_p,4,0.079,1124344,4371370,141519510745201
CompreSSoR Pcodec,full_with_beta_p,5,0.075,1124344,4371370,141519510745201
CompreSSoR Pcodec,region_chr1_1mb,1,0.010,4325,4371370,434645372151.158
CompreSSoR Pcodec,region_chr1_1mb,2,0.008,4325,4371370,434645372151.158
CompreSSoR Pcodec,region_chr1_1mb,3,0.008,4325,4371370,434645372151.158
CompreSSoR Pcodec,region_chr1_1mb,4,0.007,4325,4371370,434645372151.158
CompreSSoR Pcodec,region_chr1_1mb,5,0.008,4325,4371370,434645372151.158
CompreSSoR Pcodec,sparse_25_keys,1,0.200,25,4371370,3149582129.865
CompreSSoR Pcodec,sparse_25_keys,2,0.218,25,4371370,3149582129.865
CompreSSoR Pcodec,sparse_25_keys,3,0.210,25,4371370,3149582129.865
CompreSSoR Pcodec,sparse_25_keys,4,0.212,25,4371370,3149582129.865
CompreSSoR Pcodec,sparse_25_keys,5,0.215,25,4371370,3149582129.865
CompreSSoR Pcodec,sparse_1000_keys,1,1.458,1000,4371370,125871422251.210
CompreSSoR Pcodec,sparse_1000_keys,2,1.467,1000,4371370,125871422251.210
CompreSSoR Pcodec,sparse_1000_keys,3,1.494,1000,4371370,125871422251.210
CompreSSoR Pcodec,sparse_1000_keys,4,1.423,1000,4371370,125871422251.210
CompreSSoR Pcodec,sparse_1000_keys,5,1.438,1000,4371370,125871422251.210
TSV gzip,full_core,1,0.133,1124344,15186281,141519510194789
TSV gzip,full_core,2,0.121,1124344,15186281,141519510194789
TSV gzip,full_core,3,0.122,1124344,15186281,141519510194789
TSV gzip,full_core,4,0.114,1124344,15186281,141519510194789
TSV gzip,full_core,5,0.115,1124344,15186281,141519510194789
TSV gzip,full_with_beta_p,1,0.117,1124344,15186281,141519510745188
TSV gzip,full_with_beta_p,2,0.121,1124344,15186281,141519510745188
TSV gzip,full_with_beta_p,3,0.177,1124344,15186281,141519510745188
TSV gzip,full_with_beta_p,4,0.111,1124344,15186281,141519510745188
TSV gzip,full_with_beta_p,5,0.128,1124344,15186281,141519510745188
TSV gzip,region_chr1_1mb,1,0.119,4325,15186281,434645371952.363
TSV gzip,region_chr1_1mb,2,0.133,4325,15186281,434645371952.363
TSV gzip,region_chr1_1mb,3,0.137,4325,15186281,434645371952.363
TSV gzip,region_chr1_1mb,4,0.124,4325,15186281,434645371952.363
TSV gzip,region_chr1_1mb,5,0.132,4325,15186281,434645371952.363
TSV gzip,sparse_25_keys,1,0.123,25,15186281,3149582133.591
TSV gzip,sparse_25_keys,2,0.135,25,15186281,3149582133.591
TSV gzip,sparse_25_keys,3,0.115,25,15186281,3149582133.591
TSV gzip,sparse_25_keys,4,0.117,25,15186281,3149582133.591
TSV gzip,sparse_25_keys,5,0.131,25,15186281,3149582133.591
TSV gzip,sparse_1000_keys,1,0.124,1000,15186281,125871422246.442
TSV gzip,sparse_1000_keys,2,0.131,1000,15186281,125871422246.442
TSV gzip,sparse_1000_keys,3,0.119,1000,15186281,125871422246.442
TSV gzip,sparse_1000_keys,4,0.113,1000,15186281,125871422246.442
TSV gzip,sparse_1000_keys,5,0.131,1000,15186281,125871422246.442
