store,stream,dtype,source_kind,page_rows,mode,run,status,seconds,values,compressed_bytes,checksum,error
"finngen_chr1","substitution","u8","actual","actual","alloc_then_copy_current",1,"success",0.003776447,1124344,453324,8434309,""
"finngen_chr1","substitution","u8","actual","actual","alloc_then_copy_current",2,"success",0.003450406,1124344,453324,8434309,""
"finngen_chr1","substitution","u8","actual","actual","alloc_then_copy_current",3,"success",0.003251366,1124344,453324,8434309,""
"finngen_chr1","substitution","u8","actual","actual","alloc_then_copy_current",4,"success",0.003244664,1124344,453324,8434309,""
"finngen_chr1","substitution","u8","actual","actual","alloc_then_copy_current",5,"success",0.003239497,1124344,453324,8434309,""
"finngen_chr1","substitution","u8","actual","actual","direct_destination_fresh",1,"success",0.003249915,1124344,453324,8434309,""
"finngen_chr1","substitution","u8","actual","actual","direct_destination_fresh",2,"success",0.003277826,1124344,453324,8434309,""
"finngen_chr1","substitution","u8","actual","actual","direct_destination_fresh",3,"success",0.003333692,1124344,453324,8434309,""
"finngen_chr1","substitution","u8","actual","actual","direct_destination_fresh",4,"success",0.003249607,1124344,453324,8434309,""
"finngen_chr1","substitution","u8","actual","actual","direct_destination_fresh",5,"success",0.003156553,1124344,453324,8434309,""
"finngen_chr1","substitution","u8","actual","actual","direct_destination_reused",1,"success",0.003178353,1124344,453324,8434309,""
"finngen_chr1","substitution","u8","actual","actual","direct_destination_reused",2,"success",0.003095581,1124344,453324,8434309,""
"finngen_chr1","substitution","u8","actual","actual","direct_destination_reused",3,"success",0.003136341,1124344,453324,8434309,""
"finngen_chr1","substitution","u8","actual","actual","direct_destination_reused",4,"success",0.003088839,1124344,453324,8434309,""
"finngen_chr1","substitution","u8","actual","actual","direct_destination_reused",5,"success",0.003090765,1124344,453324,8434309,""
"finngen_chr1","substitution","u8","reencoded_from_actual","32768","alloc_then_copy_current",1,"success",0.003406624,1124344,447307,8434309,""
"finngen_chr1","substitution","u8","reencoded_from_actual","32768","alloc_then_copy_current",2,"success",0.002995116,1124344,447307,8434309,""
"finngen_chr1","substitution","u8","reencoded_from_actual","32768","alloc_then_copy_current",3,"success",0.003040068,1124344,447307,8434309,""
"finngen_chr1","substitution","u8","reencoded_from_actual","32768","alloc_then_copy_current",4,"success",0.003001357,1124344,447307,8434309,""
"finngen_chr1","substitution","u8","reencoded_from_actual","32768","alloc_then_copy_current",5,"success",0.002974657,1124344,447307,8434309,""
"finngen_chr1","substitution","u8","reencoded_from_actual","32768","direct_destination_fresh",1,"success",0.002595087,1124344,447307,8434309,""
"finngen_chr1","substitution","u8","reencoded_from_actual","32768","direct_destination_fresh",2,"success",0.002427323,1124344,447307,8434309,""
"finngen_chr1","substitution","u8","reencoded_from_actual","32768","direct_destination_fresh",3,"success",0.002431983,1124344,447307,8434309,""
"finngen_chr1","substitution","u8","reencoded_from_actual","32768","direct_destination_fresh",4,"success",0.002429189,1124344,447307,8434309,""
"finngen_chr1","substitution","u8","reencoded_from_actual","32768","direct_destination_fresh",5,"success",0.002434195,1124344,447307,8434309,""
"finngen_chr1","substitution","u8","reencoded_from_actual","32768","direct_destination_reused",1,"success",0.002432071,1124344,447307,8434309,""
"finngen_chr1","substitution","u8","reencoded_from_actual","32768","direct_destination_reused",2,"success",0.002429696,1124344,447307,8434309,""
"finngen_chr1","substitution","u8","reencoded_from_actual","32768","direct_destination_reused",3,"success",0.002432084,1124344,447307,8434309,""
"finngen_chr1","substitution","u8","reencoded_from_actual","32768","direct_destination_reused",4,"success",0.002425537,1124344,447307,8434309,""
"finngen_chr1","substitution","u8","reencoded_from_actual","32768","direct_destination_reused",5,"success",0.002427471,1124344,447307,8434309,""
"finngen_chr1","substitution","u8","reencoded_from_actual","65536","alloc_then_copy_current",1,"success",0.002722312,1124344,446747,8434309,""
"finngen_chr1","substitution","u8","reencoded_from_actual","65536","alloc_then_copy_current",2,"success",0.002886947,1124344,446747,8434309,""
"finngen_chr1","substitution","u8","reencoded_from_actual","65536","alloc_then_copy_current",3,"success",0.002877837,1124344,446747,8434309,""
"finngen_chr1","substitution","u8","reencoded_from_actual","65536","alloc_then_copy_current",4,"success",0.002878004,1124344,446747,8434309,""
"finngen_chr1","substitution","u8","reencoded_from_actual","65536","alloc_then_copy_current",5,"success",0.002879147,1124344,446747,8434309,""
"finngen_chr1","substitution","u8","reencoded_from_actual","65536","direct_destination_fresh",1,"success",0.002501456,1124344,446747,8434309,""
"finngen_chr1","substitution","u8","reencoded_from_actual","65536","direct_destination_fresh",2,"success",0.002337192,1124344,446747,8434309,""
"finngen_chr1","substitution","u8","reencoded_from_actual","65536","direct_destination_fresh",3,"success",0.002439152,1124344,446747,8434309,""
"finngen_chr1","substitution","u8","reencoded_from_actual","65536","direct_destination_fresh",4,"success",0.002351384,1124344,446747,8434309,""
"finngen_chr1","substitution","u8","reencoded_from_actual","65536","direct_destination_fresh",5,"success",0.002343876,1124344,446747,8434309,""
"finngen_chr1","substitution","u8","reencoded_from_actual","65536","direct_destination_reused",1,"success",0.002343898,1124344,446747,8434309,""
"finngen_chr1","substitution","u8","reencoded_from_actual","65536","direct_destination_reused",2,"success",0.002365974,1124344,446747,8434309,""
"finngen_chr1","substitution","u8","reencoded_from_actual","65536","direct_destination_reused",3,"success",0.002347027,1124344,446747,8434309,""
"finngen_chr1","substitution","u8","reencoded_from_actual","65536","direct_destination_reused",4,"success",0.002341252,1124344,446747,8434309,""
"finngen_chr1","substitution","u8","reencoded_from_actual","65536","direct_destination_reused",5,"success",0.002342082,1124344,446747,8434309,""
"finngen_chr1","substitution","u8","reencoded_from_actual","131072","alloc_then_copy_current",1,"success",0.002741247,1124344,446451,8434309,""
"finngen_chr1","substitution","u8","reencoded_from_actual","131072","alloc_then_copy_current",2,"success",0.002861917,1124344,446451,8434309,""
"finngen_chr1","substitution","u8","reencoded_from_actual","131072","alloc_then_copy_current",3,"success",0.002851566,1124344,446451,8434309,""
"finngen_chr1","substitution","u8","reencoded_from_actual","131072","alloc_then_copy_current",4,"success",0.002842947,1124344,446451,8434309,""
"finngen_chr1","substitution","u8","reencoded_from_actual","131072","alloc_then_copy_current",5,"success",0.002928236,1124344,446451,8434309,""
"finngen_chr1","substitution","u8","reencoded_from_actual","131072","direct_destination_fresh",1,"success",0.002457990,1124344,446451,8434309,""
"finngen_chr1","substitution","u8","reencoded_from_actual","131072","direct_destination_fresh",2,"success",0.002302620,1124344,446451,8434309,""
"finngen_chr1","substitution","u8","reencoded_from_actual","131072","direct_destination_fresh",3,"success",0.002301876,1124344,446451,8434309,""
"finngen_chr1","substitution","u8","reencoded_from_actual","131072","direct_destination_fresh",4,"success",0.002304306,1124344,446451,8434309,""
"finngen_chr1","substitution","u8","reencoded_from_actual","131072","direct_destination_fresh",5,"success",0.002300140,1124344,446451,8434309,""
"finngen_chr1","substitution","u8","reencoded_from_actual","131072","direct_destination_reused",1,"success",0.002303891,1124344,446451,8434309,""
"finngen_chr1","substitution","u8","reencoded_from_actual","131072","direct_destination_reused",2,"success",0.002299660,1124344,446451,8434309,""
"finngen_chr1","substitution","u8","reencoded_from_actual","131072","direct_destination_reused",3,"success",0.002298476,1124344,446451,8434309,""
"finngen_chr1","substitution","u8","reencoded_from_actual","131072","direct_destination_reused",4,"success",0.002313009,1124344,446451,8434309,""
"finngen_chr1","substitution","u8","reencoded_from_actual","131072","direct_destination_reused",5,"success",0.002307356,1124344,446451,8434309,""
"finngen_chr1","eaf","u8","actual","actual","alloc_then_copy_current",1,"success",0.005249807,1124344,940505,52265030,""
"finngen_chr1","eaf","u8","actual","actual","alloc_then_copy_current",2,"success",0.004986816,1124344,940505,52265030,""
"finngen_chr1","eaf","u8","actual","actual","alloc_then_copy_current",3,"success",0.004984796,1124344,940505,52265030,""
"finngen_chr1","eaf","u8","actual","actual","alloc_then_copy_current",4,"success",0.004982391,1124344,940505,52265030,""
"finngen_chr1","eaf","u8","actual","actual","alloc_then_copy_current",5,"success",0.004982977,1124344,940505,52265030,""
"finngen_chr1","eaf","u8","actual","actual","direct_destination_fresh",1,"success",0.005000582,1124344,940505,52265030,""
"finngen_chr1","eaf","u8","actual","actual","direct_destination_fresh",2,"success",0.005000257,1124344,940505,52265030,""
"finngen_chr1","eaf","u8","actual","actual","direct_destination_fresh",3,"success",0.005003952,1124344,940505,52265030,""
"finngen_chr1","eaf","u8","actual","actual","direct_destination_fresh",4,"success",0.005001469,1124344,940505,52265030,""
"finngen_chr1","eaf","u8","actual","actual","direct_destination_fresh",5,"success",0.005001033,1124344,940505,52265030,""
"finngen_chr1","eaf","u8","actual","actual","direct_destination_reused",1,"success",0.005094943,1124344,940505,52265030,""
"finngen_chr1","eaf","u8","actual","actual","direct_destination_reused",2,"success",0.005028394,1124344,940505,52265030,""
"finngen_chr1","eaf","u8","actual","actual","direct_destination_reused",3,"success",0.004946359,1124344,940505,52265030,""
"finngen_chr1","eaf","u8","actual","actual","direct_destination_reused",4,"success",0.004948591,1124344,940505,52265030,""
"finngen_chr1","eaf","u8","actual","actual","direct_destination_reused",5,"success",0.004943057,1124344,940505,52265030,""
"finngen_chr1","eaf","u8","reencoded_from_actual","32768","alloc_then_copy_current",1,"success",0.005637128,1124344,940510,52265030,""
"finngen_chr1","eaf","u8","reencoded_from_actual","32768","alloc_then_copy_current",2,"success",0.005702314,1124344,940510,52265030,""
"finngen_chr1","eaf","u8","reencoded_from_actual","32768","alloc_then_copy_current",3,"success",0.005694880,1124344,940510,52265030,""
"finngen_chr1","eaf","u8","reencoded_from_actual","32768","alloc_then_copy_current",4,"success",0.005338170,1124344,940510,52265030,""
"finngen_chr1","eaf","u8","reencoded_from_actual","32768","alloc_then_copy_current",5,"success",0.005340087,1124344,940510,52265030,""
"finngen_chr1","eaf","u8","reencoded_from_actual","32768","direct_destination_fresh",1,"success",0.004950776,1124344,940510,52265030,""
"finngen_chr1","eaf","u8","reencoded_from_actual","32768","direct_destination_fresh",2,"success",0.004778412,1124344,940510,52265030,""
"finngen_chr1","eaf","u8","reencoded_from_actual","32768","direct_destination_fresh",3,"success",0.004774249,1124344,940510,52265030,""
"finngen_chr1","eaf","u8","reencoded_from_actual","32768","direct_destination_fresh",4,"success",0.004885539,1124344,940510,52265030,""
"finngen_chr1","eaf","u8","reencoded_from_actual","32768","direct_destination_fresh",5,"success",0.004774324,1124344,940510,52265030,""
"finngen_chr1","eaf","u8","reencoded_from_actual","32768","direct_destination_reused",1,"success",0.004783289,1124344,940510,52265030,""
"finngen_chr1","eaf","u8","reencoded_from_actual","32768","direct_destination_reused",2,"success",0.004776720,1124344,940510,52265030,""
"finngen_chr1","eaf","u8","reencoded_from_actual","32768","direct_destination_reused",3,"success",0.004776204,1124344,940510,52265030,""
"finngen_chr1","eaf","u8","reencoded_from_actual","32768","direct_destination_reused",4,"success",0.004776070,1124344,940510,52265030,""
"finngen_chr1","eaf","u8","reencoded_from_actual","32768","direct_destination_reused",5,"success",0.004775117,1124344,940510,52265030,""
"finngen_chr1","eaf","u8","reencoded_from_actual","65536","alloc_then_copy_current",1,"success",0.005069011,1124344,941914,52265030,""
"finngen_chr1","eaf","u8","reencoded_from_actual","65536","alloc_then_copy_current",2,"success",0.005390660,1124344,941914,52265030,""
"finngen_chr1","eaf","u8","reencoded_from_actual","65536","alloc_then_copy_current",3,"success",0.005414751,1124344,941914,52265030,""
"finngen_chr1","eaf","u8","reencoded_from_actual","65536","alloc_then_copy_current",4,"success",0.005296050,1124344,941914,52265030,""
"finngen_chr1","eaf","u8","reencoded_from_actual","65536","alloc_then_copy_current",5,"success",0.005239331,1124344,941914,52265030,""
"finngen_chr1","eaf","u8","reencoded_from_actual","65536","direct_destination_fresh",1,"success",0.004852607,1124344,941914,52265030,""
"finngen_chr1","eaf","u8","reencoded_from_actual","65536","direct_destination_fresh",2,"success",0.004691582,1124344,941914,52265030,""
"finngen_chr1","eaf","u8","reencoded_from_actual","65536","direct_destination_fresh",3,"success",0.004684593,1124344,941914,52265030,""
"finngen_chr1","eaf","u8","reencoded_from_actual","65536","direct_destination_fresh",4,"success",0.004798299,1124344,941914,52265030,""
"finngen_chr1","eaf","u8","reencoded_from_actual","65536","direct_destination_fresh",5,"success",0.004687752,1124344,941914,52265030,""
"finngen_chr1","eaf","u8","reencoded_from_actual","65536","direct_destination_reused",1,"success",0.004685807,1124344,941914,52265030,""
"finngen_chr1","eaf","u8","reencoded_from_actual","65536","direct_destination_reused",2,"success",0.004691649,1124344,941914,52265030,""
"finngen_chr1","eaf","u8","reencoded_from_actual","65536","direct_destination_reused",3,"success",0.004689549,1124344,941914,52265030,""
"finngen_chr1","eaf","u8","reencoded_from_actual","65536","direct_destination_reused",4,"success",0.004686620,1124344,941914,52265030,""
"finngen_chr1","eaf","u8","reencoded_from_actual","65536","direct_destination_reused",5,"success",0.004690973,1124344,941914,52265030,""
"finngen_chr1","eaf","u8","reencoded_from_actual","131072","alloc_then_copy_current",1,"success",0.005377950,1124344,942707,52265030,""
"finngen_chr1","eaf","u8","reencoded_from_actual","131072","alloc_then_copy_current",2,"success",0.005210732,1124344,942707,52265030,""
"finngen_chr1","eaf","u8","reencoded_from_actual","131072","alloc_then_copy_current",3,"success",0.005192670,1124344,942707,52265030,""
"finngen_chr1","eaf","u8","reencoded_from_actual","131072","alloc_then_copy_current",4,"success",0.005190564,1124344,942707,52265030,""
"finngen_chr1","eaf","u8","reencoded_from_actual","131072","alloc_then_copy_current",5,"success",0.005212868,1124344,942707,52265030,""
"finngen_chr1","eaf","u8","reencoded_from_actual","131072","direct_destination_fresh",1,"success",0.004824375,1124344,942707,52265030,""
"finngen_chr1","eaf","u8","reencoded_from_actual","131072","direct_destination_fresh",2,"success",0.004659018,1124344,942707,52265030,""
"finngen_chr1","eaf","u8","reencoded_from_actual","131072","direct_destination_fresh",3,"success",0.004662367,1124344,942707,52265030,""
"finngen_chr1","eaf","u8","reencoded_from_actual","131072","direct_destination_fresh",4,"success",0.004797680,1124344,942707,52265030,""
"finngen_chr1","eaf","u8","reencoded_from_actual","131072","direct_destination_fresh",5,"success",0.004658420,1124344,942707,52265030,""
"finngen_chr1","eaf","u8","reencoded_from_actual","131072","direct_destination_reused",1,"success",0.004656352,1124344,942707,52265030,""
"finngen_chr1","eaf","u8","reencoded_from_actual","131072","direct_destination_reused",2,"success",0.004656400,1124344,942707,52265030,""
"finngen_chr1","eaf","u8","reencoded_from_actual","131072","direct_destination_reused",3,"success",0.004657233,1124344,942707,52265030,""
"finngen_chr1","eaf","u8","reencoded_from_actual","131072","direct_destination_reused",4,"success",0.004656621,1124344,942707,52265030,""
"finngen_chr1","eaf","u8","reencoded_from_actual","131072","direct_destination_reused",5,"success",0.004658431,1124344,942707,52265030,""
"finngen_chr1","se","u8","actual","actual","alloc_then_copy_current",1,"success",0.005104391,1124344,425548,143657240,""
"finngen_chr1","se","u8","actual","actual","alloc_then_copy_current",2,"success",0.004912429,1124344,425548,143657240,""
"finngen_chr1","se","u8","actual","actual","alloc_then_copy_current",3,"success",0.004903708,1124344,425548,143657240,""
"finngen_chr1","se","u8","actual","actual","alloc_then_copy_current",4,"success",0.004903410,1124344,425548,143657240,""
"finngen_chr1","se","u8","actual","actual","alloc_then_copy_current",5,"success",0.004992190,1124344,425548,143657240,""
"finngen_chr1","se","u8","actual","actual","direct_destination_fresh",1,"success",0.004957445,1124344,425548,143657240,""
"finngen_chr1","se","u8","actual","actual","direct_destination_fresh",2,"success",0.004916339,1124344,425548,143657240,""
"finngen_chr1","se","u8","actual","actual","direct_destination_fresh",3,"success",0.004967343,1124344,425548,143657240,""
"finngen_chr1","se","u8","actual","actual","direct_destination_fresh",4,"success",0.004942046,1124344,425548,143657240,""
"finngen_chr1","se","u8","actual","actual","direct_destination_fresh",5,"success",0.004998835,1124344,425548,143657240,""
"finngen_chr1","se","u8","actual","actual","direct_destination_reused",1,"success",0.005003328,1124344,425548,143657240,""
"finngen_chr1","se","u8","actual","actual","direct_destination_reused",2,"success",0.004969429,1124344,425548,143657240,""
"finngen_chr1","se","u8","actual","actual","direct_destination_reused",3,"success",0.005148205,1124344,425548,143657240,""
"finngen_chr1","se","u8","actual","actual","direct_destination_reused",4,"success",0.005224460,1124344,425548,143657240,""
"finngen_chr1","se","u8","actual","actual","direct_destination_reused",5,"success",0.005225472,1124344,425548,143657240,""
"finngen_chr1","se","u8","reencoded_from_actual","32768","alloc_then_copy_current",1,"success",0.005147300,1124344,426340,143657240,""
"finngen_chr1","se","u8","reencoded_from_actual","32768","alloc_then_copy_current",2,"success",0.005464684,1124344,426340,143657240,""
"finngen_chr1","se","u8","reencoded_from_actual","32768","alloc_then_copy_current",3,"success",0.005367663,1124344,426340,143657240,""
"finngen_chr1","se","u8","reencoded_from_actual","32768","alloc_then_copy_current",4,"success",0.005323812,1124344,426340,143657240,""
"finngen_chr1","se","u8","reencoded_from_actual","32768","alloc_then_copy_current",5,"success",0.005323718,1124344,426340,143657240,""
"finngen_chr1","se","u8","reencoded_from_actual","32768","direct_destination_fresh",1,"success",0.004946670,1124344,426340,143657240,""
"finngen_chr1","se","u8","reencoded_from_actual","32768","direct_destination_fresh",2,"success",0.004779367,1124344,426340,143657240,""
"finngen_chr1","se","u8","reencoded_from_actual","32768","direct_destination_fresh",3,"success",0.004773536,1124344,426340,143657240,""
"finngen_chr1","se","u8","reencoded_from_actual","32768","direct_destination_fresh",4,"success",0.004777382,1124344,426340,143657240,""
"finngen_chr1","se","u8","reencoded_from_actual","32768","direct_destination_fresh",5,"success",0.004863581,1124344,426340,143657240,""
"finngen_chr1","se","u8","reencoded_from_actual","32768","direct_destination_reused",1,"success",0.004864228,1124344,426340,143657240,""
"finngen_chr1","se","u8","reencoded_from_actual","32768","direct_destination_reused",2,"success",0.004862058,1124344,426340,143657240,""
"finngen_chr1","se","u8","reencoded_from_actual","32768","direct_destination_reused",3,"success",0.004776069,1124344,426340,143657240,""
"finngen_chr1","se","u8","reencoded_from_actual","32768","direct_destination_reused",4,"success",0.004884156,1124344,426340,143657240,""
"finngen_chr1","se","u8","reencoded_from_actual","32768","direct_destination_reused",5,"success",0.004776890,1124344,426340,143657240,""
"finngen_chr1","se","u8","reencoded_from_actual","65536","alloc_then_copy_current",1,"success",0.005074035,1124344,426435,143657240,""
"finngen_chr1","se","u8","reencoded_from_actual","65536","alloc_then_copy_current",2,"success",0.005242583,1124344,426435,143657240,""
"finngen_chr1","se","u8","reencoded_from_actual","65536","alloc_then_copy_current",3,"success",0.005239966,1124344,426435,143657240,""
"finngen_chr1","se","u8","reencoded_from_actual","65536","alloc_then_copy_current",4,"success",0.005239812,1124344,426435,143657240,""
"finngen_chr1","se","u8","reencoded_from_actual","65536","alloc_then_copy_current",5,"success",0.005241854,1124344,426435,143657240,""
"finngen_chr1","se","u8","reencoded_from_actual","65536","direct_destination_fresh",1,"success",0.004859664,1124344,426435,143657240,""
"finngen_chr1","se","u8","reencoded_from_actual","65536","direct_destination_fresh",2,"success",0.004692962,1124344,426435,143657240,""
"finngen_chr1","se","u8","reencoded_from_actual","65536","direct_destination_fresh",3,"success",0.004693940,1124344,426435,143657240,""
"finngen_chr1","se","u8","reencoded_from_actual","65536","direct_destination_fresh",4,"success",0.004699277,1124344,426435,143657240,""
"finngen_chr1","se","u8","reencoded_from_actual","65536","direct_destination_fresh",5,"success",0.004694246,1124344,426435,143657240,""
"finngen_chr1","se","u8","reencoded_from_actual","65536","direct_destination_reused",1,"success",0.004693970,1124344,426435,143657240,""
"finngen_chr1","se","u8","reencoded_from_actual","65536","direct_destination_reused",2,"success",0.004689563,1124344,426435,143657240,""
"finngen_chr1","se","u8","reencoded_from_actual","65536","direct_destination_reused",3,"success",0.004689286,1124344,426435,143657240,""
"finngen_chr1","se","u8","reencoded_from_actual","65536","direct_destination_reused",4,"success",0.004691118,1124344,426435,143657240,""
"finngen_chr1","se","u8","reencoded_from_actual","65536","direct_destination_reused",5,"success",0.004801691,1124344,426435,143657240,""
"finngen_chr1","se","u8","reencoded_from_actual","131072","alloc_then_copy_current",1,"success",0.005006891,1124344,427003,143657240,""
"finngen_chr1","se","u8","reencoded_from_actual","131072","alloc_then_copy_current",2,"success",0.005177256,1124344,427003,143657240,""
"finngen_chr1","se","u8","reencoded_from_actual","131072","alloc_then_copy_current",3,"success",0.005175728,1124344,427003,143657240,""
"finngen_chr1","se","u8","reencoded_from_actual","131072","alloc_then_copy_current",4,"success",0.005172657,1124344,427003,143657240,""
"finngen_chr1","se","u8","reencoded_from_actual","131072","alloc_then_copy_current",5,"success",0.005171882,1124344,427003,143657240,""
"finngen_chr1","se","u8","reencoded_from_actual","131072","direct_destination_fresh",1,"success",0.004790534,1124344,427003,143657240,""
"finngen_chr1","se","u8","reencoded_from_actual","131072","direct_destination_fresh",2,"success",0.004623004,1124344,427003,143657240,""
"finngen_chr1","se","u8","reencoded_from_actual","131072","direct_destination_fresh",3,"success",0.004710509,1124344,427003,143657240,""
"finngen_chr1","se","u8","reencoded_from_actual","131072","direct_destination_fresh",4,"success",0.004619181,1124344,427003,143657240,""
"finngen_chr1","se","u8","reencoded_from_actual","131072","direct_destination_fresh",5,"success",0.004618625,1124344,427003,143657240,""
"finngen_chr1","se","u8","reencoded_from_actual","131072","direct_destination_reused",1,"success",0.004623200,1124344,427003,143657240,""
"finngen_chr1","se","u8","reencoded_from_actual","131072","direct_destination_reused",2,"success",0.004620166,1124344,427003,143657240,""
"finngen_chr1","se","u8","reencoded_from_actual","131072","direct_destination_reused",3,"success",0.004622773,1124344,427003,143657240,""
"finngen_chr1","se","u8","reencoded_from_actual","131072","direct_destination_reused",4,"success",0.004679220,1124344,427003,143657240,""
"finngen_chr1","se","u8","reencoded_from_actual","131072","direct_destination_reused",5,"success",0.004740937,1124344,427003,143657240,""
"finngen_chr1","z","u16","actual","actual","alloc_then_copy_current",1,"success",0.006352987,1124344,1168106,286533204,""
"finngen_chr1","z","u16","actual","actual","alloc_then_copy_current",2,"success",0.005699222,1124344,1168106,286533204,""
"finngen_chr1","z","u16","actual","actual","alloc_then_copy_current",3,"success",0.005292442,1124344,1168106,286533204,""
"finngen_chr1","z","u16","actual","actual","alloc_then_copy_current",4,"success",0.005257081,1124344,1168106,286533204,""
"finngen_chr1","z","u16","actual","actual","alloc_then_copy_current",5,"success",0.005225368,1124344,1168106,286533204,""
"finngen_chr1","z","u16","actual","actual","direct_destination_fresh",1,"success",0.005263296,1124344,1168106,286533204,""
"finngen_chr1","z","u16","actual","actual","direct_destination_fresh",2,"success",0.005275916,1124344,1168106,286533204,""
"finngen_chr1","z","u16","actual","actual","direct_destination_fresh",3,"success",0.005265768,1124344,1168106,286533204,""
"finngen_chr1","z","u16","actual","actual","direct_destination_fresh",4,"success",0.005274074,1124344,1168106,286533204,""
"finngen_chr1","z","u16","actual","actual","direct_destination_fresh",5,"success",0.005347188,1124344,1168106,286533204,""
"finngen_chr1","z","u16","actual","actual","direct_destination_reused",1,"success",0.005211993,1124344,1168106,286533204,""
"finngen_chr1","z","u16","actual","actual","direct_destination_reused",2,"success",0.005205039,1124344,1168106,286533204,""
"finngen_chr1","z","u16","actual","actual","direct_destination_reused",3,"success",0.005206921,1124344,1168106,286533204,""
"finngen_chr1","z","u16","actual","actual","direct_destination_reused",4,"success",0.005315094,1124344,1168106,286533204,""
"finngen_chr1","z","u16","actual","actual","direct_destination_reused",5,"success",0.005209386,1124344,1168106,286533204,""
"finngen_chr1","z","u16","reencoded_from_actual","32768","alloc_then_copy_current",1,"success",0.005741116,1124344,1167805,286533204,""
"finngen_chr1","z","u16","reencoded_from_actual","32768","alloc_then_copy_current",2,"success",0.005643946,1124344,1167805,286533204,""
"finngen_chr1","z","u16","reencoded_from_actual","32768","alloc_then_copy_current",3,"success",0.005381583,1124344,1167805,286533204,""
"finngen_chr1","z","u16","reencoded_from_actual","32768","alloc_then_copy_current",4,"success",0.005369198,1124344,1167805,286533204,""
"finngen_chr1","z","u16","reencoded_from_actual","32768","alloc_then_copy_current",5,"success",0.005369335,1124344,1167805,286533204,""
"finngen_chr1","z","u16","reencoded_from_actual","32768","direct_destination_fresh",1,"success",0.005093134,1124344,1167805,286533204,""
"finngen_chr1","z","u16","reencoded_from_actual","32768","direct_destination_fresh",2,"success",0.005044250,1124344,1167805,286533204,""
"finngen_chr1","z","u16","reencoded_from_actual","32768","direct_destination_fresh",3,"success",0.005215538,1124344,1167805,286533204,""
"finngen_chr1","z","u16","reencoded_from_actual","32768","direct_destination_fresh",4,"success",0.005044890,1124344,1167805,286533204,""
"finngen_chr1","z","u16","reencoded_from_actual","32768","direct_destination_fresh",5,"success",0.005041236,1124344,1167805,286533204,""
"finngen_chr1","z","u16","reencoded_from_actual","32768","direct_destination_reused",1,"success",0.005101525,1124344,1167805,286533204,""
"finngen_chr1","z","u16","reencoded_from_actual","32768","direct_destination_reused",2,"success",0.005044275,1124344,1167805,286533204,""
"finngen_chr1","z","u16","reencoded_from_actual","32768","direct_destination_reused",3,"success",0.005041481,1124344,1167805,286533204,""
"finngen_chr1","z","u16","reencoded_from_actual","32768","direct_destination_reused",4,"success",0.005044875,1124344,1167805,286533204,""
"finngen_chr1","z","u16","reencoded_from_actual","32768","direct_destination_reused",5,"success",0.005148150,1124344,1167805,286533204,""
"finngen_chr1","z","u16","reencoded_from_actual","65536","alloc_then_copy_current",1,"success",0.005195628,1124344,1167338,286533204,""
"finngen_chr1","z","u16","reencoded_from_actual","65536","alloc_then_copy_current",2,"success",0.005294219,1124344,1167338,286533204,""
"finngen_chr1","z","u16","reencoded_from_actual","65536","alloc_then_copy_current",3,"success",0.005289893,1124344,1167338,286533204,""
"finngen_chr1","z","u16","reencoded_from_actual","65536","alloc_then_copy_current",4,"success",0.005368978,1124344,1167338,286533204,""
"finngen_chr1","z","u16","reencoded_from_actual","65536","alloc_then_copy_current",5,"success",0.005285335,1124344,1167338,286533204,""
"finngen_chr1","z","u16","reencoded_from_actual","65536","direct_destination_fresh",1,"success",0.005162470,1124344,1167338,286533204,""
"finngen_chr1","z","u16","reencoded_from_actual","65536","direct_destination_fresh",2,"success",0.004955835,1124344,1167338,286533204,""
"finngen_chr1","z","u16","reencoded_from_actual","65536","direct_destination_fresh",3,"success",0.004953557,1124344,1167338,286533204,""
"finngen_chr1","z","u16","reencoded_from_actual","65536","direct_destination_fresh",4,"success",0.005082761,1124344,1167338,286533204,""
"finngen_chr1","z","u16","reencoded_from_actual","65536","direct_destination_fresh",5,"success",0.004952252,1124344,1167338,286533204,""
"finngen_chr1","z","u16","reencoded_from_actual","65536","direct_destination_reused",1,"success",0.004954298,1124344,1167338,286533204,""
"finngen_chr1","z","u16","reencoded_from_actual","65536","direct_destination_reused",2,"success",0.004956665,1124344,1167338,286533204,""
"finngen_chr1","z","u16","reencoded_from_actual","65536","direct_destination_reused",3,"success",0.005063966,1124344,1167338,286533204,""
"finngen_chr1","z","u16","reencoded_from_actual","65536","direct_destination_reused",4,"success",0.004951258,1124344,1167338,286533204,""
"finngen_chr1","z","u16","reencoded_from_actual","65536","direct_destination_reused",5,"success",0.005167622,1124344,1167338,286533204,""
"finngen_chr1","z","u16","reencoded_from_actual","131072","alloc_then_copy_current",1,"success",0.005135713,1124344,1166956,286533204,""
"finngen_chr1","z","u16","reencoded_from_actual","131072","alloc_then_copy_current",2,"success",0.005240034,1124344,1166956,286533204,""
"finngen_chr1","z","u16","reencoded_from_actual","131072","alloc_then_copy_current",3,"success",0.005239371,1124344,1166956,286533204,""
"finngen_chr1","z","u16","reencoded_from_actual","131072","alloc_then_copy_current",4,"success",0.005324359,1124344,1166956,286533204,""
"finngen_chr1","z","u16","reencoded_from_actual","131072","alloc_then_copy_current",5,"success",0.005232999,1124344,1166956,286533204,""
"finngen_chr1","z","u16","reencoded_from_actual","131072","direct_destination_fresh",1,"success",0.004956633,1124344,1166956,286533204,""
"finngen_chr1","z","u16","reencoded_from_actual","131072","direct_destination_fresh",2,"success",0.004909686,1124344,1166956,286533204,""
"finngen_chr1","z","u16","reencoded_from_actual","131072","direct_destination_fresh",3,"success",0.004907562,1124344,1166956,286533204,""
"finngen_chr1","z","u16","reencoded_from_actual","131072","direct_destination_fresh",4,"success",0.004991970,1124344,1166956,286533204,""
"finngen_chr1","z","u16","reencoded_from_actual","131072","direct_destination_fresh",5,"success",0.004991319,1124344,1166956,286533204,""
"finngen_chr1","z","u16","reencoded_from_actual","131072","direct_destination_reused",1,"success",0.004998495,1124344,1166956,286533204,""
"finngen_chr1","z","u16","reencoded_from_actual","131072","direct_destination_reused",2,"success",0.004926385,1124344,1166956,286533204,""
"finngen_chr1","z","u16","reencoded_from_actual","131072","direct_destination_reused",3,"success",0.004903733,1124344,1166956,286533204,""
"finngen_chr1","z","u16","reencoded_from_actual","131072","direct_destination_reused",4,"success",0.004910385,1124344,1166956,286533204,""
"finngen_chr1","z","u16","reencoded_from_actual","131072","direct_destination_reused",5,"success",0.004912356,1124344,1166956,286533204,""
"finngen_chr1","position","u32","actual","actual","alloc_then_copy_current",1,"success",0.006629166,1124344,1288148,248900943,""
"finngen_chr1","position","u32","actual","actual","alloc_then_copy_current",2,"success",0.005645501,1124344,1288148,248900943,""
"finngen_chr1","position","u32","actual","actual","alloc_then_copy_current",3,"success",0.005579611,1124344,1288148,248900943,""
"finngen_chr1","position","u32","actual","actual","alloc_then_copy_current",4,"success",0.005573583,1124344,1288148,248900943,""
"finngen_chr1","position","u32","actual","actual","alloc_then_copy_current",5,"success",0.005565450,1124344,1288148,248900943,""
"finngen_chr1","position","u32","actual","actual","direct_destination_fresh",1,"success",0.005719290,1124344,1288148,248900943,""
"finngen_chr1","position","u32","actual","actual","direct_destination_fresh",2,"success",0.005752663,1124344,1288148,248900943,""
"finngen_chr1","position","u32","actual","actual","direct_destination_fresh",3,"success",0.005748860,1124344,1288148,248900943,""
"finngen_chr1","position","u32","actual","actual","direct_destination_fresh",4,"success",0.005654864,1124344,1288148,248900943,""
"finngen_chr1","position","u32","actual","actual","direct_destination_fresh",5,"success",0.005648862,1124344,1288148,248900943,""
"finngen_chr1","position","u32","actual","actual","direct_destination_reused",1,"success",0.005470608,1124344,1288148,248900943,""
"finngen_chr1","position","u32","actual","actual","direct_destination_reused",2,"success",0.005468457,1124344,1288148,248900943,""
"finngen_chr1","position","u32","actual","actual","direct_destination_reused",3,"success",0.005577608,1124344,1288148,248900943,""
"finngen_chr1","position","u32","actual","actual","direct_destination_reused",4,"success",0.005560919,1124344,1288148,248900943,""
"finngen_chr1","position","u32","actual","actual","direct_destination_reused",5,"success",0.005468331,1124344,1288148,248900943,""
"finngen_chr1","position","u32","reencoded_from_actual","32768","alloc_then_copy_current",1,"success",0.006020732,1124344,1279948,248900943,""
"finngen_chr1","position","u32","reencoded_from_actual","32768","alloc_then_copy_current",2,"success",0.005894226,1124344,1279948,248900943,""
"finngen_chr1","position","u32","reencoded_from_actual","32768","alloc_then_copy_current",3,"success",0.005845413,1124344,1279948,248900943,""
"finngen_chr1","position","u32","reencoded_from_actual","32768","alloc_then_copy_current",4,"success",0.005906071,1124344,1279948,248900943,""
"finngen_chr1","position","u32","reencoded_from_actual","32768","alloc_then_copy_current",5,"success",0.005833956,1124344,1279948,248900943,""
"finngen_chr1","position","u32","reencoded_from_actual","32768","direct_destination_fresh",1,"success",0.004833395,1124344,1279948,248900943,""
"finngen_chr1","position","u32","reencoded_from_actual","32768","direct_destination_fresh",2,"success",0.004782960,1124344,1279948,248900943,""
"finngen_chr1","position","u32","reencoded_from_actual","32768","direct_destination_fresh",3,"success",0.004813366,1124344,1279948,248900943,""
"finngen_chr1","position","u32","reencoded_from_actual","32768","direct_destination_fresh",4,"success",0.004749761,1124344,1279948,248900943,""
"finngen_chr1","position","u32","reencoded_from_actual","32768","direct_destination_fresh",5,"success",0.004751040,1124344,1279948,248900943,""
"finngen_chr1","position","u32","reencoded_from_actual","32768","direct_destination_reused",1,"success",0.004743966,1124344,1279948,248900943,""
"finngen_chr1","position","u32","reencoded_from_actual","32768","direct_destination_reused",2,"success",0.004738774,1124344,1279948,248900943,""
"finngen_chr1","position","u32","reencoded_from_actual","32768","direct_destination_reused",3,"success",0.004744737,1124344,1279948,248900943,""
"finngen_chr1","position","u32","reencoded_from_actual","32768","direct_destination_reused",4,"success",0.004744634,1124344,1279948,248900943,""
"finngen_chr1","position","u32","reencoded_from_actual","32768","direct_destination_reused",5,"success",0.004831041,1124344,1279948,248900943,""
"finngen_chr1","position","u32","reencoded_from_actual","65536","alloc_then_copy_current",1,"success",0.005751028,1124344,1278906,248900943,""
"finngen_chr1","position","u32","reencoded_from_actual","65536","alloc_then_copy_current",2,"success",0.005835250,1124344,1278906,248900943,""
"finngen_chr1","position","u32","reencoded_from_actual","65536","alloc_then_copy_current",3,"success",0.005820211,1124344,1278906,248900943,""
"finngen_chr1","position","u32","reencoded_from_actual","65536","alloc_then_copy_current",4,"success",0.005910527,1124344,1278906,248900943,""
"finngen_chr1","position","u32","reencoded_from_actual","65536","alloc_then_copy_current",5,"success",0.005819308,1124344,1278906,248900943,""
"finngen_chr1","position","u32","reencoded_from_actual","65536","direct_destination_fresh",1,"success",0.004822115,1124344,1278906,248900943,""
"finngen_chr1","position","u32","reencoded_from_actual","65536","direct_destination_fresh",2,"success",0.004730513,1124344,1278906,248900943,""
"finngen_chr1","position","u32","reencoded_from_actual","65536","direct_destination_fresh",3,"success",0.004735361,1124344,1278906,248900943,""
"finngen_chr1","position","u32","reencoded_from_actual","65536","direct_destination_fresh",4,"success",0.004732293,1124344,1278906,248900943,""
"finngen_chr1","position","u32","reencoded_from_actual","65536","direct_destination_fresh",5,"success",0.004737844,1124344,1278906,248900943,""
"finngen_chr1","position","u32","reencoded_from_actual","65536","direct_destination_reused",1,"success",0.004733013,1124344,1278906,248900943,""
"finngen_chr1","position","u32","reencoded_from_actual","65536","direct_destination_reused",2,"success",0.004729085,1124344,1278906,248900943,""
"finngen_chr1","position","u32","reencoded_from_actual","65536","direct_destination_reused",3,"success",0.004727227,1124344,1278906,248900943,""
"finngen_chr1","position","u32","reencoded_from_actual","65536","direct_destination_reused",4,"success",0.004732236,1124344,1278906,248900943,""
"finngen_chr1","position","u32","reencoded_from_actual","65536","direct_destination_reused",5,"success",0.004825156,1124344,1278906,248900943,""
"finngen_chr1","position","u32","reencoded_from_actual","131072","alloc_then_copy_current",1,"success",0.005553246,1124344,1278848,248900943,""
"finngen_chr1","position","u32","reencoded_from_actual","131072","alloc_then_copy_current",2,"success",0.005727974,1124344,1278848,248900943,""
"finngen_chr1","position","u32","reencoded_from_actual","131072","alloc_then_copy_current",3,"success",0.005862959,1124344,1278848,248900943,""
"finngen_chr1","position","u32","reencoded_from_actual","131072","alloc_then_copy_current",4,"success",0.005731392,1124344,1278848,248900943,""
"finngen_chr1","position","u32","reencoded_from_actual","131072","alloc_then_copy_current",5,"success",0.005723254,1124344,1278848,248900943,""
"finngen_chr1","position","u32","reencoded_from_actual","131072","direct_destination_fresh",1,"success",0.004712246,1124344,1278848,248900943,""
"finngen_chr1","position","u32","reencoded_from_actual","131072","direct_destination_fresh",2,"success",0.004633859,1124344,1278848,248900943,""
"finngen_chr1","position","u32","reencoded_from_actual","131072","direct_destination_fresh",3,"success",0.004634654,1124344,1278848,248900943,""
"finngen_chr1","position","u32","reencoded_from_actual","131072","direct_destination_fresh",4,"success",0.004640764,1124344,1278848,248900943,""
"finngen_chr1","position","u32","reencoded_from_actual","131072","direct_destination_fresh",5,"success",0.004636026,1124344,1278848,248900943,""
"finngen_chr1","position","u32","reencoded_from_actual","131072","direct_destination_reused",1,"success",0.004632742,1124344,1278848,248900943,""
"finngen_chr1","position","u32","reencoded_from_actual","131072","direct_destination_reused",2,"success",0.004637468,1124344,1278848,248900943,""
"finngen_chr1","position","u32","reencoded_from_actual","131072","direct_destination_reused",3,"success",0.004641643,1124344,1278848,248900943,""
"finngen_chr1","position","u32","reencoded_from_actual","131072","direct_destination_reused",4,"success",0.004721327,1124344,1278848,248900943,""
"finngen_chr1","position","u32","reencoded_from_actual","131072","direct_destination_reused",5,"success",0.004645407,1124344,1278848,248900943,""
"finngen_chr1_final","substitution","u8","actual","actual","alloc_then_copy_current",1,"success",0.002481987,1124344,446514,8434309,""
"finngen_chr1_final","substitution","u8","actual","actual","alloc_then_copy_current",2,"success",0.002453307,1124344,446514,8434309,""
"finngen_chr1_final","substitution","u8","actual","actual","alloc_then_copy_current",3,"success",0.002443920,1124344,446514,8434309,""
"finngen_chr1_final","substitution","u8","actual","actual","alloc_then_copy_current",4,"success",0.002449769,1124344,446514,8434309,""
"finngen_chr1_final","substitution","u8","actual","actual","alloc_then_copy_current",5,"success",0.002447904,1124344,446514,8434309,""
"finngen_chr1_final","substitution","u8","actual","actual","direct_destination_fresh",1,"success",0.002460118,1124344,446514,8434309,""
"finngen_chr1_final","substitution","u8","actual","actual","direct_destination_fresh",2,"success",0.002467074,1124344,446514,8434309,""
"finngen_chr1_final","substitution","u8","actual","actual","direct_destination_fresh",3,"success",0.002459703,1124344,446514,8434309,""
"finngen_chr1_final","substitution","u8","actual","actual","direct_destination_fresh",4,"success",0.002465757,1124344,446514,8434309,""
"finngen_chr1_final","substitution","u8","actual","actual","direct_destination_fresh",5,"success",0.002460790,1124344,446514,8434309,""
"finngen_chr1_final","substitution","u8","actual","actual","direct_destination_reused",1,"success",0.002416515,1124344,446514,8434309,""
"finngen_chr1_final","substitution","u8","actual","actual","direct_destination_reused",2,"success",0.002417702,1124344,446514,8434309,""
"finngen_chr1_final","substitution","u8","actual","actual","direct_destination_reused",3,"success",0.002516205,1124344,446514,8434309,""
"finngen_chr1_final","substitution","u8","actual","actual","direct_destination_reused",4,"success",0.002522081,1124344,446514,8434309,""
"finngen_chr1_final","substitution","u8","actual","actual","direct_destination_reused",5,"success",0.002456070,1124344,446514,8434309,""
"finngen_chr1_final","substitution","u8","reencoded_from_actual","32768","alloc_then_copy_current",1,"success",0.002519197,1124344,447307,8434309,""
"finngen_chr1_final","substitution","u8","reencoded_from_actual","32768","alloc_then_copy_current",2,"success",0.002521751,1124344,447307,8434309,""
"finngen_chr1_final","substitution","u8","reencoded_from_actual","32768","alloc_then_copy_current",3,"success",0.002512975,1124344,447307,8434309,""
"finngen_chr1_final","substitution","u8","reencoded_from_actual","32768","alloc_then_copy_current",4,"success",0.002520897,1124344,447307,8434309,""
"finngen_chr1_final","substitution","u8","reencoded_from_actual","32768","alloc_then_copy_current",5,"success",0.002514603,1124344,447307,8434309,""
"finngen_chr1_final","substitution","u8","reencoded_from_actual","32768","direct_destination_fresh",1,"success",0.002439163,1124344,447307,8434309,""
"finngen_chr1_final","substitution","u8","reencoded_from_actual","32768","direct_destination_fresh",2,"success",0.002413396,1124344,447307,8434309,""
"finngen_chr1_final","substitution","u8","reencoded_from_actual","32768","direct_destination_fresh",3,"success",0.002417044,1124344,447307,8434309,""
"finngen_chr1_final","substitution","u8","reencoded_from_actual","32768","direct_destination_fresh",4,"success",0.002414133,1124344,447307,8434309,""
"finngen_chr1_final","substitution","u8","reencoded_from_actual","32768","direct_destination_fresh",5,"success",0.002419207,1124344,447307,8434309,""
"finngen_chr1_final","substitution","u8","reencoded_from_actual","32768","direct_destination_reused",1,"success",0.002414733,1124344,447307,8434309,""
"finngen_chr1_final","substitution","u8","reencoded_from_actual","32768","direct_destination_reused",2,"success",0.002414951,1124344,447307,8434309,""
"finngen_chr1_final","substitution","u8","reencoded_from_actual","32768","direct_destination_reused",3,"success",0.002414739,1124344,447307,8434309,""
"finngen_chr1_final","substitution","u8","reencoded_from_actual","32768","direct_destination_reused",4,"success",0.002414352,1124344,447307,8434309,""
"finngen_chr1_final","substitution","u8","reencoded_from_actual","32768","direct_destination_reused",5,"success",0.002417083,1124344,447307,8434309,""
"finngen_chr1_final","substitution","u8","reencoded_from_actual","65536","alloc_then_copy_current",1,"success",0.002439155,1124344,446747,8434309,""
"finngen_chr1_final","substitution","u8","reencoded_from_actual","65536","alloc_then_copy_current",2,"success",0.002441328,1124344,446747,8434309,""
"finngen_chr1_final","substitution","u8","reencoded_from_actual","65536","alloc_then_copy_current",3,"success",0.002439375,1124344,446747,8434309,""
"finngen_chr1_final","substitution","u8","reencoded_from_actual","65536","alloc_then_copy_current",4,"success",0.002489277,1124344,446747,8434309,""
"finngen_chr1_final","substitution","u8","reencoded_from_actual","65536","alloc_then_copy_current",5,"success",0.002444416,1124344,446747,8434309,""
"finngen_chr1_final","substitution","u8","reencoded_from_actual","65536","direct_destination_fresh",1,"success",0.002361623,1124344,446747,8434309,""
"finngen_chr1_final","substitution","u8","reencoded_from_actual","65536","direct_destination_fresh",2,"success",0.002337215,1124344,446747,8434309,""
"finngen_chr1_final","substitution","u8","reencoded_from_actual","65536","direct_destination_fresh",3,"success",0.002334872,1124344,446747,8434309,""
"finngen_chr1_final","substitution","u8","reencoded_from_actual","65536","direct_destination_fresh",4,"success",0.002338620,1124344,446747,8434309,""
"finngen_chr1_final","substitution","u8","reencoded_from_actual","65536","direct_destination_fresh",5,"success",0.002423514,1124344,446747,8434309,""
"finngen_chr1_final","substitution","u8","reencoded_from_actual","65536","direct_destination_reused",1,"success",0.002360017,1124344,446747,8434309,""
"finngen_chr1_final","substitution","u8","reencoded_from_actual","65536","direct_destination_reused",2,"success",0.002339239,1124344,446747,8434309,""
"finngen_chr1_final","substitution","u8","reencoded_from_actual","65536","direct_destination_reused",3,"success",0.002338180,1124344,446747,8434309,""
"finngen_chr1_final","substitution","u8","reencoded_from_actual","65536","direct_destination_reused",4,"success",0.002423626,1124344,446747,8434309,""
"finngen_chr1_final","substitution","u8","reencoded_from_actual","65536","direct_destination_reused",5,"success",0.002393382,1124344,446747,8434309,""
"finngen_chr1_final","substitution","u8","reencoded_from_actual","131072","alloc_then_copy_current",1,"success",0.002392758,1124344,446451,8434309,""
"finngen_chr1_final","substitution","u8","reencoded_from_actual","131072","alloc_then_copy_current",2,"success",0.002400676,1124344,446451,8434309,""
"finngen_chr1_final","substitution","u8","reencoded_from_actual","131072","alloc_then_copy_current",3,"success",0.002400154,1124344,446451,8434309,""
"finngen_chr1_final","substitution","u8","reencoded_from_actual","131072","alloc_then_copy_current",4,"success",0.002402117,1124344,446451,8434309,""
"finngen_chr1_final","substitution","u8","reencoded_from_actual","131072","alloc_then_copy_current",5,"success",0.002399755,1124344,446451,8434309,""
"finngen_chr1_final","substitution","u8","reencoded_from_actual","131072","direct_destination_fresh",1,"success",0.002317557,1124344,446451,8434309,""
"finngen_chr1_final","substitution","u8","reencoded_from_actual","131072","direct_destination_fresh",2,"success",0.002296367,1124344,446451,8434309,""
"finngen_chr1_final","substitution","u8","reencoded_from_actual","131072","direct_destination_fresh",3,"success",0.002294584,1124344,446451,8434309,""
"finngen_chr1_final","substitution","u8","reencoded_from_actual","131072","direct_destination_fresh",4,"success",0.002292857,1124344,446451,8434309,""
"finngen_chr1_final","substitution","u8","reencoded_from_actual","131072","direct_destination_fresh",5,"success",0.002294322,1124344,446451,8434309,""
"finngen_chr1_final","substitution","u8","reencoded_from_actual","131072","direct_destination_reused",1,"success",0.002293834,1124344,446451,8434309,""
"finngen_chr1_final","substitution","u8","reencoded_from_actual","131072","direct_destination_reused",2,"success",0.002302976,1124344,446451,8434309,""
"finngen_chr1_final","substitution","u8","reencoded_from_actual","131072","direct_destination_reused",3,"success",0.002291023,1124344,446451,8434309,""
"finngen_chr1_final","substitution","u8","reencoded_from_actual","131072","direct_destination_reused",4,"success",0.002294216,1124344,446451,8434309,""
"finngen_chr1_final","substitution","u8","reencoded_from_actual","131072","direct_destination_reused",5,"success",0.002294439,1124344,446451,8434309,""
"finngen_chr1_final","eaf","u8","actual","actual","alloc_then_copy_current",1,"success",0.005003262,1124344,941845,52265030,""
"finngen_chr1_final","eaf","u8","actual","actual","alloc_then_copy_current",2,"success",0.004889454,1124344,941845,52265030,""
"finngen_chr1_final","eaf","u8","actual","actual","alloc_then_copy_current",3,"success",0.004885770,1124344,941845,52265030,""
"finngen_chr1_final","eaf","u8","actual","actual","alloc_then_copy_current",4,"success",0.004884473,1124344,941845,52265030,""
"finngen_chr1_final","eaf","u8","actual","actual","alloc_then_copy_current",5,"success",0.004886394,1124344,941845,52265030,""
"finngen_chr1_final","eaf","u8","actual","actual","direct_destination_fresh",1,"success",0.005031057,1124344,941845,52265030,""
"finngen_chr1_final","eaf","u8","actual","actual","direct_destination_fresh",2,"success",0.005051459,1124344,941845,52265030,""
"finngen_chr1_final","eaf","u8","actual","actual","direct_destination_fresh",3,"success",0.004901828,1124344,941845,52265030,""
"finngen_chr1_final","eaf","u8","actual","actual","direct_destination_fresh",4,"success",0.004895190,1124344,941845,52265030,""
"finngen_chr1_final","eaf","u8","actual","actual","direct_destination_fresh",5,"success",0.004898975,1124344,941845,52265030,""
"finngen_chr1_final","eaf","u8","actual","actual","direct_destination_reused",1,"success",0.004851115,1124344,941845,52265030,""
"finngen_chr1_final","eaf","u8","actual","actual","direct_destination_reused",2,"success",0.004855454,1124344,941845,52265030,""
"finngen_chr1_final","eaf","u8","actual","actual","direct_destination_reused",3,"success",0.004850614,1124344,941845,52265030,""
"finngen_chr1_final","eaf","u8","actual","actual","direct_destination_reused",4,"success",0.004852338,1124344,941845,52265030,""
"finngen_chr1_final","eaf","u8","actual","actual","direct_destination_reused",5,"success",0.004855866,1124344,941845,52265030,""
"finngen_chr1_final","eaf","u8","reencoded_from_actual","32768","alloc_then_copy_current",1,"success",0.005022753,1124344,940510,52265030,""
"finngen_chr1_final","eaf","u8","reencoded_from_actual","32768","alloc_then_copy_current",2,"success",0.004877335,1124344,940510,52265030,""
"finngen_chr1_final","eaf","u8","reencoded_from_actual","32768","alloc_then_copy_current",3,"success",0.004876763,1124344,940510,52265030,""
"finngen_chr1_final","eaf","u8","reencoded_from_actual","32768","alloc_then_copy_current",4,"success",0.004883241,1124344,940510,52265030,""
"finngen_chr1_final","eaf","u8","reencoded_from_actual","32768","alloc_then_copy_current",5,"success",0.004873163,1124344,940510,52265030,""
"finngen_chr1_final","eaf","u8","reencoded_from_actual","32768","direct_destination_fresh",1,"success",0.004898561,1124344,940510,52265030,""
"finngen_chr1_final","eaf","u8","reencoded_from_actual","32768","direct_destination_fresh",2,"success",0.004873049,1124344,940510,52265030,""
"finngen_chr1_final","eaf","u8","reencoded_from_actual","32768","direct_destination_fresh",3,"success",0.004781035,1124344,940510,52265030,""
"finngen_chr1_final","eaf","u8","reencoded_from_actual","32768","direct_destination_fresh",4,"success",0.004773051,1124344,940510,52265030,""
"finngen_chr1_final","eaf","u8","reencoded_from_actual","32768","direct_destination_fresh",5,"success",0.004773597,1124344,940510,52265030,""
"finngen_chr1_final","eaf","u8","reencoded_from_actual","32768","direct_destination_reused",1,"success",0.004777853,1124344,940510,52265030,""
"finngen_chr1_final","eaf","u8","reencoded_from_actual","32768","direct_destination_reused",2,"success",0.004774284,1124344,940510,52265030,""
"finngen_chr1_final","eaf","u8","reencoded_from_actual","32768","direct_destination_reused",3,"success",0.004769312,1124344,940510,52265030,""
"finngen_chr1_final","eaf","u8","reencoded_from_actual","32768","direct_destination_reused",4,"success",0.004778446,1124344,940510,52265030,""
"finngen_chr1_final","eaf","u8","reencoded_from_actual","32768","direct_destination_reused",5,"success",0.004771303,1124344,940510,52265030,""
"finngen_chr1_final","eaf","u8","reencoded_from_actual","65536","alloc_then_copy_current",1,"success",0.004791061,1124344,941914,52265030,""
"finngen_chr1_final","eaf","u8","reencoded_from_actual","65536","alloc_then_copy_current",2,"success",0.004786911,1124344,941914,52265030,""
"finngen_chr1_final","eaf","u8","reencoded_from_actual","65536","alloc_then_copy_current",3,"success",0.004818642,1124344,941914,52265030,""
"finngen_chr1_final","eaf","u8","reencoded_from_actual","65536","alloc_then_copy_current",4,"success",0.004794999,1124344,941914,52265030,""
"finngen_chr1_final","eaf","u8","reencoded_from_actual","65536","alloc_then_copy_current",5,"success",0.004792033,1124344,941914,52265030,""
"finngen_chr1_final","eaf","u8","reencoded_from_actual","65536","direct_destination_fresh",1,"success",0.004811632,1124344,941914,52265030,""
"finngen_chr1_final","eaf","u8","reencoded_from_actual","65536","direct_destination_fresh",2,"success",0.004684088,1124344,941914,52265030,""
"finngen_chr1_final","eaf","u8","reencoded_from_actual","65536","direct_destination_fresh",3,"success",0.004684964,1124344,941914,52265030,""
"finngen_chr1_final","eaf","u8","reencoded_from_actual","65536","direct_destination_fresh",4,"success",0.004680170,1124344,941914,52265030,""
"finngen_chr1_final","eaf","u8","reencoded_from_actual","65536","direct_destination_fresh",5,"success",0.004684583,1124344,941914,52265030,""
"finngen_chr1_final","eaf","u8","reencoded_from_actual","65536","direct_destination_reused",1,"success",0.004678993,1124344,941914,52265030,""
"finngen_chr1_final","eaf","u8","reencoded_from_actual","65536","direct_destination_reused",2,"success",0.004684274,1124344,941914,52265030,""
"finngen_chr1_final","eaf","u8","reencoded_from_actual","65536","direct_destination_reused",3,"success",0.004686328,1124344,941914,52265030,""
"finngen_chr1_final","eaf","u8","reencoded_from_actual","65536","direct_destination_reused",4,"success",0.004683490,1124344,941914,52265030,""
"finngen_chr1_final","eaf","u8","reencoded_from_actual","65536","direct_destination_reused",5,"success",0.004683502,1124344,941914,52265030,""
"finngen_chr1_final","eaf","u8","reencoded_from_actual","131072","alloc_then_copy_current",1,"success",0.004743356,1124344,942707,52265030,""
"finngen_chr1_final","eaf","u8","reencoded_from_actual","131072","alloc_then_copy_current",2,"success",0.004751014,1124344,942707,52265030,""
"finngen_chr1_final","eaf","u8","reencoded_from_actual","131072","alloc_then_copy_current",3,"success",0.004745929,1124344,942707,52265030,""
"finngen_chr1_final","eaf","u8","reencoded_from_actual","131072","alloc_then_copy_current",4,"success",0.004734935,1124344,942707,52265030,""
"finngen_chr1_final","eaf","u8","reencoded_from_actual","131072","alloc_then_copy_current",5,"success",0.004736535,1124344,942707,52265030,""
"finngen_chr1_final","eaf","u8","reencoded_from_actual","131072","direct_destination_fresh",1,"success",0.004710230,1124344,942707,52265030,""
"finngen_chr1_final","eaf","u8","reencoded_from_actual","131072","direct_destination_fresh",2,"success",0.004700719,1124344,942707,52265030,""
"finngen_chr1_final","eaf","u8","reencoded_from_actual","131072","direct_destination_fresh",3,"success",0.004631777,1124344,942707,52265030,""
"finngen_chr1_final","eaf","u8","reencoded_from_actual","131072","direct_destination_fresh",4,"success",0.004639197,1124344,942707,52265030,""
"finngen_chr1_final","eaf","u8","reencoded_from_actual","131072","direct_destination_fresh",5,"success",0.004634653,1124344,942707,52265030,""
"finngen_chr1_final","eaf","u8","reencoded_from_actual","131072","direct_destination_reused",1,"success",0.004640498,1124344,942707,52265030,""
"finngen_chr1_final","eaf","u8","reencoded_from_actual","131072","direct_destination_reused",2,"success",0.004634244,1124344,942707,52265030,""
"finngen_chr1_final","eaf","u8","reencoded_from_actual","131072","direct_destination_reused",3,"success",0.004631473,1124344,942707,52265030,""
"finngen_chr1_final","eaf","u8","reencoded_from_actual","131072","direct_destination_reused",4,"success",0.004632639,1124344,942707,52265030,""
"finngen_chr1_final","eaf","u8","reencoded_from_actual","131072","direct_destination_reused",5,"success",0.004633910,1124344,942707,52265030,""
"finngen_chr1_final","se","u8","actual","actual","alloc_then_copy_current",1,"success",0.004834502,1124344,425849,143657240,""
"finngen_chr1_final","se","u8","actual","actual","alloc_then_copy_current",2,"success",0.004822159,1124344,425849,143657240,""
"finngen_chr1_final","se","u8","actual","actual","alloc_then_copy_current",3,"success",0.004907217,1124344,425849,143657240,""
"finngen_chr1_final","se","u8","actual","actual","alloc_then_copy_current",4,"success",0.004820282,1124344,425849,143657240,""
"finngen_chr1_final","se","u8","actual","actual","alloc_then_copy_current",5,"success",0.004925865,1124344,425849,143657240,""
"finngen_chr1_final","se","u8","actual","actual","direct_destination_fresh",1,"success",0.004838719,1124344,425849,143657240,""
"finngen_chr1_final","se","u8","actual","actual","direct_destination_fresh",2,"success",0.004838591,1124344,425849,143657240,""
"finngen_chr1_final","se","u8","actual","actual","direct_destination_fresh",3,"success",0.004840603,1124344,425849,143657240,""
"finngen_chr1_final","se","u8","actual","actual","direct_destination_fresh",4,"success",0.004831694,1124344,425849,143657240,""
"finngen_chr1_final","se","u8","actual","actual","direct_destination_fresh",5,"success",0.004839137,1124344,425849,143657240,""
"finngen_chr1_final","se","u8","actual","actual","direct_destination_reused",1,"success",0.004865220,1124344,425849,143657240,""
"finngen_chr1_final","se","u8","actual","actual","direct_destination_reused",2,"success",0.004866969,1124344,425849,143657240,""
"finngen_chr1_final","se","u8","actual","actual","direct_destination_reused",3,"success",0.004913543,1124344,425849,143657240,""
"finngen_chr1_final","se","u8","actual","actual","direct_destination_reused",4,"success",0.004881328,1124344,425849,143657240,""
"finngen_chr1_final","se","u8","actual","actual","direct_destination_reused",5,"success",0.004920631,1124344,425849,143657240,""
"finngen_chr1_final","se","u8","reencoded_from_actual","32768","alloc_then_copy_current",1,"success",0.004854630,1124344,426340,143657240,""
"finngen_chr1_final","se","u8","reencoded_from_actual","32768","alloc_then_copy_current",2,"success",0.004854878,1124344,426340,143657240,""
"finngen_chr1_final","se","u8","reencoded_from_actual","32768","alloc_then_copy_current",3,"success",0.004853377,1124344,426340,143657240,""
"finngen_chr1_final","se","u8","reencoded_from_actual","32768","alloc_then_copy_current",4,"success",0.004852611,1124344,426340,143657240,""
"finngen_chr1_final","se","u8","reencoded_from_actual","32768","alloc_then_copy_current",5,"success",0.004856697,1124344,426340,143657240,""
"finngen_chr1_final","se","u8","reencoded_from_actual","32768","direct_destination_fresh",1,"success",0.004771891,1124344,426340,143657240,""
"finngen_chr1_final","se","u8","reencoded_from_actual","32768","direct_destination_fresh",2,"success",0.004772489,1124344,426340,143657240,""
"finngen_chr1_final","se","u8","reencoded_from_actual","32768","direct_destination_fresh",3,"success",0.004884685,1124344,426340,143657240,""
"finngen_chr1_final","se","u8","reencoded_from_actual","32768","direct_destination_fresh",4,"success",0.004774669,1124344,426340,143657240,""
"finngen_chr1_final","se","u8","reencoded_from_actual","32768","direct_destination_fresh",5,"success",0.004753488,1124344,426340,143657240,""
"finngen_chr1_final","se","u8","reencoded_from_actual","32768","direct_destination_reused",1,"success",0.004749028,1124344,426340,143657240,""
"finngen_chr1_final","se","u8","reencoded_from_actual","32768","direct_destination_reused",2,"success",0.004750193,1124344,426340,143657240,""
"finngen_chr1_final","se","u8","reencoded_from_actual","32768","direct_destination_reused",3,"success",0.004860221,1124344,426340,143657240,""
"finngen_chr1_final","se","u8","reencoded_from_actual","32768","direct_destination_reused",4,"success",0.004748954,1124344,426340,143657240,""
"finngen_chr1_final","se","u8","reencoded_from_actual","32768","direct_destination_reused",5,"success",0.004750632,1124344,426340,143657240,""
"finngen_chr1_final","se","u8","reencoded_from_actual","65536","alloc_then_copy_current",1,"success",0.004779197,1124344,426435,143657240,""
"finngen_chr1_final","se","u8","reencoded_from_actual","65536","alloc_then_copy_current",2,"success",0.004773857,1124344,426435,143657240,""
"finngen_chr1_final","se","u8","reencoded_from_actual","65536","alloc_then_copy_current",3,"success",0.004771334,1124344,426435,143657240,""
"finngen_chr1_final","se","u8","reencoded_from_actual","65536","alloc_then_copy_current",4,"success",0.004764493,1124344,426435,143657240,""
"finngen_chr1_final","se","u8","reencoded_from_actual","65536","alloc_then_copy_current",5,"success",0.004764731,1124344,426435,143657240,""
"finngen_chr1_final","se","u8","reencoded_from_actual","65536","direct_destination_fresh",1,"success",0.004692050,1124344,426435,143657240,""
"finngen_chr1_final","se","u8","reencoded_from_actual","65536","direct_destination_fresh",2,"success",0.004674303,1124344,426435,143657240,""
"finngen_chr1_final","se","u8","reencoded_from_actual","65536","direct_destination_fresh",3,"success",0.004664236,1124344,426435,143657240,""
"finngen_chr1_final","se","u8","reencoded_from_actual","65536","direct_destination_fresh",4,"success",0.004667388,1124344,426435,143657240,""
"finngen_chr1_final","se","u8","reencoded_from_actual","65536","direct_destination_fresh",5,"success",0.004670625,1124344,426435,143657240,""
"finngen_chr1_final","se","u8","reencoded_from_actual","65536","direct_destination_reused",1,"success",0.004666479,1124344,426435,143657240,""
"finngen_chr1_final","se","u8","reencoded_from_actual","65536","direct_destination_reused",2,"success",0.004671590,1124344,426435,143657240,""
"finngen_chr1_final","se","u8","reencoded_from_actual","65536","direct_destination_reused",3,"success",0.004666959,1124344,426435,143657240,""
"finngen_chr1_final","se","u8","reencoded_from_actual","65536","direct_destination_reused",4,"success",0.004668639,1124344,426435,143657240,""
"finngen_chr1_final","se","u8","reencoded_from_actual","65536","direct_destination_reused",5,"success",0.004776685,1124344,426435,143657240,""
"finngen_chr1_final","se","u8","reencoded_from_actual","131072","alloc_then_copy_current",1,"success",0.004729030,1124344,427003,143657240,""
"finngen_chr1_final","se","u8","reencoded_from_actual","131072","alloc_then_copy_current",2,"success",0.004722056,1124344,427003,143657240,""
"finngen_chr1_final","se","u8","reencoded_from_actual","131072","alloc_then_copy_current",3,"success",0.004719607,1124344,427003,143657240,""
"finngen_chr1_final","se","u8","reencoded_from_actual","131072","alloc_then_copy_current",4,"success",0.004735279,1124344,427003,143657240,""
"finngen_chr1_final","se","u8","reencoded_from_actual","131072","alloc_then_copy_current",5,"success",0.004720168,1124344,427003,143657240,""
"finngen_chr1_final","se","u8","reencoded_from_actual","131072","direct_destination_fresh",1,"success",0.004641098,1124344,427003,143657240,""
"finngen_chr1_final","se","u8","reencoded_from_actual","131072","direct_destination_fresh",2,"success",0.004625075,1124344,427003,143657240,""
"finngen_chr1_final","se","u8","reencoded_from_actual","131072","direct_destination_fresh",3,"success",0.004715820,1124344,427003,143657240,""
"finngen_chr1_final","se","u8","reencoded_from_actual","131072","direct_destination_fresh",4,"success",0.004750673,1124344,427003,143657240,""
"finngen_chr1_final","se","u8","reencoded_from_actual","131072","direct_destination_fresh",5,"success",0.004672832,1124344,427003,143657240,""
"finngen_chr1_final","se","u8","reencoded_from_actual","131072","direct_destination_reused",1,"success",0.004624148,1124344,427003,143657240,""
"finngen_chr1_final","se","u8","reencoded_from_actual","131072","direct_destination_reused",2,"success",0.004619737,1124344,427003,143657240,""
"finngen_chr1_final","se","u8","reencoded_from_actual","131072","direct_destination_reused",3,"success",0.004625653,1124344,427003,143657240,""
"finngen_chr1_final","se","u8","reencoded_from_actual","131072","direct_destination_reused",4,"success",0.004621381,1124344,427003,143657240,""
"finngen_chr1_final","se","u8","reencoded_from_actual","131072","direct_destination_reused",5,"success",0.004621098,1124344,427003,143657240,""
"finngen_chr1_final","z","u16","actual","actual","alloc_then_copy_current",1,"success",0.005394741,1124344,1167569,286533204,""
"finngen_chr1_final","z","u16","actual","actual","alloc_then_copy_current",2,"success",0.005214858,1124344,1167569,286533204,""
"finngen_chr1_final","z","u16","actual","actual","alloc_then_copy_current",3,"success",0.005335425,1124344,1167569,286533204,""
"finngen_chr1_final","z","u16","actual","actual","alloc_then_copy_current",4,"success",0.005270263,1124344,1167569,286533204,""
"finngen_chr1_final","z","u16","actual","actual","alloc_then_copy_current",5,"success",0.005171642,1124344,1167569,286533204,""
"finngen_chr1_final","z","u16","actual","actual","direct_destination_fresh",1,"success",0.005205781,1124344,1167569,286533204,""
"finngen_chr1_final","z","u16","actual","actual","direct_destination_fresh",2,"success",0.005215244,1124344,1167569,286533204,""
"finngen_chr1_final","z","u16","actual","actual","direct_destination_fresh",3,"success",0.005200513,1124344,1167569,286533204,""
"finngen_chr1_final","z","u16","actual","actual","direct_destination_fresh",4,"success",0.005210500,1124344,1167569,286533204,""
"finngen_chr1_final","z","u16","actual","actual","direct_destination_fresh",5,"success",0.005201092,1124344,1167569,286533204,""
"finngen_chr1_final","z","u16","actual","actual","direct_destination_reused",1,"success",0.005094111,1124344,1167569,286533204,""
"finngen_chr1_final","z","u16","actual","actual","direct_destination_reused",2,"success",0.005156591,1124344,1167569,286533204,""
"finngen_chr1_final","z","u16","actual","actual","direct_destination_reused",3,"success",0.005113458,1124344,1167569,286533204,""
"finngen_chr1_final","z","u16","actual","actual","direct_destination_reused",4,"success",0.005087580,1124344,1167569,286533204,""
"finngen_chr1_final","z","u16","actual","actual","direct_destination_reused",5,"success",0.005088632,1124344,1167569,286533204,""
"finngen_chr1_final","z","u16","reencoded_from_actual","32768","alloc_then_copy_current",1,"success",0.006208240,1124344,1167805,286533204,""
"finngen_chr1_final","z","u16","reencoded_from_actual","32768","alloc_then_copy_current",2,"success",0.005251252,1124344,1167805,286533204,""
"finngen_chr1_final","z","u16","reencoded_from_actual","32768","alloc_then_copy_current",3,"success",0.005326554,1124344,1167805,286533204,""
"finngen_chr1_final","z","u16","reencoded_from_actual","32768","alloc_then_copy_current",4,"success",0.005417106,1124344,1167805,286533204,""
"finngen_chr1_final","z","u16","reencoded_from_actual","32768","alloc_then_copy_current",5,"success",0.005384679,1124344,1167805,286533204,""
"finngen_chr1_final","z","u16","reencoded_from_actual","32768","direct_destination_fresh",1,"success",0.005083371,1124344,1167805,286533204,""
"finngen_chr1_final","z","u16","reencoded_from_actual","32768","direct_destination_fresh",2,"success",0.005049425,1124344,1167805,286533204,""
"finngen_chr1_final","z","u16","reencoded_from_actual","32768","direct_destination_fresh",3,"success",0.005052251,1124344,1167805,286533204,""
"finngen_chr1_final","z","u16","reencoded_from_actual","32768","direct_destination_fresh",4,"success",0.005051881,1124344,1167805,286533204,""
"finngen_chr1_final","z","u16","reencoded_from_actual","32768","direct_destination_fresh",5,"success",0.005055244,1124344,1167805,286533204,""
"finngen_chr1_final","z","u16","reencoded_from_actual","32768","direct_destination_reused",1,"success",0.005054910,1124344,1167805,286533204,""
"finngen_chr1_final","z","u16","reencoded_from_actual","32768","direct_destination_reused",2,"success",0.005053459,1124344,1167805,286533204,""
"finngen_chr1_final","z","u16","reencoded_from_actual","32768","direct_destination_reused",3,"success",0.005055373,1124344,1167805,286533204,""
"finngen_chr1_final","z","u16","reencoded_from_actual","32768","direct_destination_reused",4,"success",0.005057414,1124344,1167805,286533204,""
"finngen_chr1_final","z","u16","reencoded_from_actual","32768","direct_destination_reused",5,"success",0.005054715,1124344,1167805,286533204,""
"finngen_chr1_final","z","u16","reencoded_from_actual","65536","alloc_then_copy_current",1,"success",0.005151376,1124344,1167338,286533204,""
"finngen_chr1_final","z","u16","reencoded_from_actual","65536","alloc_then_copy_current",2,"success",0.005148540,1124344,1167338,286533204,""
"finngen_chr1_final","z","u16","reencoded_from_actual","65536","alloc_then_copy_current",3,"success",0.005142190,1124344,1167338,286533204,""
"finngen_chr1_final","z","u16","reencoded_from_actual","65536","alloc_then_copy_current",4,"success",0.005140788,1124344,1167338,286533204,""
"finngen_chr1_final","z","u16","reencoded_from_actual","65536","alloc_then_copy_current",5,"success",0.005236629,1124344,1167338,286533204,""
"finngen_chr1_final","z","u16","reencoded_from_actual","65536","direct_destination_fresh",1,"success",0.004978537,1124344,1167338,286533204,""
"finngen_chr1_final","z","u16","reencoded_from_actual","65536","direct_destination_fresh",2,"success",0.004953474,1124344,1167338,286533204,""
"finngen_chr1_final","z","u16","reencoded_from_actual","65536","direct_destination_fresh",3,"success",0.004954306,1124344,1167338,286533204,""
"finngen_chr1_final","z","u16","reencoded_from_actual","65536","direct_destination_fresh",4,"success",0.004953056,1124344,1167338,286533204,""
"finngen_chr1_final","z","u16","reencoded_from_actual","65536","direct_destination_fresh",5,"success",0.004953511,1124344,1167338,286533204,""
"finngen_chr1_final","z","u16","reencoded_from_actual","65536","direct_destination_reused",1,"success",0.004952830,1124344,1167338,286533204,""
"finngen_chr1_final","z","u16","reencoded_from_actual","65536","direct_destination_reused",2,"success",0.004956724,1124344,1167338,286533204,""
"finngen_chr1_final","z","u16","reencoded_from_actual","65536","direct_destination_reused",3,"success",0.004956553,1124344,1167338,286533204,""
"finngen_chr1_final","z","u16","reencoded_from_actual","65536","direct_destination_reused",4,"success",0.005059627,1124344,1167338,286533204,""
"finngen_chr1_final","z","u16","reencoded_from_actual","65536","direct_destination_reused",5,"success",0.004961547,1124344,1167338,286533204,""
"finngen_chr1_final","z","u16","reencoded_from_actual","131072","alloc_then_copy_current",1,"success",0.005122879,1124344,1166956,286533204,""
"finngen_chr1_final","z","u16","reencoded_from_actual","131072","alloc_then_copy_current",2,"success",0.005115214,1124344,1166956,286533204,""
"finngen_chr1_final","z","u16","reencoded_from_actual","131072","alloc_then_copy_current",3,"success",0.005113900,1124344,1166956,286533204,""
"finngen_chr1_final","z","u16","reencoded_from_actual","131072","alloc_then_copy_current",4,"success",0.005114191,1124344,1166956,286533204,""
"finngen_chr1_final","z","u16","reencoded_from_actual","131072","alloc_then_copy_current",5,"success",0.005252773,1124344,1166956,286533204,""
"finngen_chr1_final","z","u16","reencoded_from_actual","131072","direct_destination_fresh",1,"success",0.004950877,1124344,1166956,286533204,""
"finngen_chr1_final","z","u16","reencoded_from_actual","131072","direct_destination_fresh",2,"success",0.004935128,1124344,1166956,286533204,""
"finngen_chr1_final","z","u16","reencoded_from_actual","131072","direct_destination_fresh",3,"success",0.004973738,1124344,1166956,286533204,""
"finngen_chr1_final","z","u16","reencoded_from_actual","131072","direct_destination_fresh",4,"success",0.004932622,1124344,1166956,286533204,""
"finngen_chr1_final","z","u16","reencoded_from_actual","131072","direct_destination_fresh",5,"success",0.004923006,1124344,1166956,286533204,""
"finngen_chr1_final","z","u16","reencoded_from_actual","131072","direct_destination_reused",1,"success",0.004933569,1124344,1166956,286533204,""
"finngen_chr1_final","z","u16","reencoded_from_actual","131072","direct_destination_reused",2,"success",0.004969446,1124344,1166956,286533204,""
"finngen_chr1_final","z","u16","reencoded_from_actual","131072","direct_destination_reused",3,"success",0.004985909,1124344,1166956,286533204,""
"finngen_chr1_final","z","u16","reencoded_from_actual","131072","direct_destination_reused",4,"success",0.004940132,1124344,1166956,286533204,""
"finngen_chr1_final","z","u16","reencoded_from_actual","131072","direct_destination_reused",5,"success",0.004928863,1124344,1166956,286533204,""
"finngen_chr1_final","position","u32","actual","actual","alloc_then_copy_current",1,"success",0.005399193,1124344,1279101,248929537,""
"finngen_chr1_final","position","u32","actual","actual","alloc_then_copy_current",2,"success",0.004968100,1124344,1279101,248929537,""
"finngen_chr1_final","position","u32","actual","actual","alloc_then_copy_current",3,"success",0.004956750,1124344,1279101,248929537,""
"finngen_chr1_final","position","u32","actual","actual","alloc_then_copy_current",4,"success",0.004969842,1124344,1279101,248929537,""
"finngen_chr1_final","position","u32","actual","actual","alloc_then_copy_current",5,"success",0.004935664,1124344,1279101,248929537,""
"finngen_chr1_final","position","u32","actual","actual","direct_destination_fresh",1,"success",0.005112941,1124344,1279101,248929537,""
"finngen_chr1_final","position","u32","actual","actual","direct_destination_fresh",2,"success",0.005002520,1124344,1279101,248929537,""
"finngen_chr1_final","position","u32","actual","actual","direct_destination_fresh",3,"success",0.005001524,1124344,1279101,248929537,""
"finngen_chr1_final","position","u32","actual","actual","direct_destination_fresh",4,"success",0.005004540,1124344,1279101,248929537,""
"finngen_chr1_final","position","u32","actual","actual","direct_destination_fresh",5,"success",0.005000404,1124344,1279101,248929537,""
"finngen_chr1_final","position","u32","actual","actual","direct_destination_reused",1,"success",0.004851013,1124344,1279101,248929537,""
"finngen_chr1_final","position","u32","actual","actual","direct_destination_reused",2,"success",0.004855825,1124344,1279101,248929537,""
"finngen_chr1_final","position","u32","actual","actual","direct_destination_reused",3,"success",0.004839689,1124344,1279101,248929537,""
"finngen_chr1_final","position","u32","actual","actual","direct_destination_reused",4,"success",0.004870421,1124344,1279101,248929537,""
"finngen_chr1_final","position","u32","actual","actual","direct_destination_reused",5,"success",0.004968473,1124344,1279101,248929537,""
"finngen_chr1_final","position","u32","reencoded_from_actual","32768","alloc_then_copy_current",1,"success",0.006298644,1124344,1279959,248929537,""
"finngen_chr1_final","position","u32","reencoded_from_actual","32768","alloc_then_copy_current",2,"success",0.006025029,1124344,1279959,248929537,""
"finngen_chr1_final","position","u32","reencoded_from_actual","32768","alloc_then_copy_current",3,"success",0.005955770,1124344,1279959,248929537,""
"finngen_chr1_final","position","u32","reencoded_from_actual","32768","alloc_then_copy_current",4,"success",0.005954512,1124344,1279959,248929537,""
"finngen_chr1_final","position","u32","reencoded_from_actual","32768","alloc_then_copy_current",5,"success",0.005835349,1124344,1279959,248929537,""
"finngen_chr1_final","position","u32","reencoded_from_actual","32768","direct_destination_fresh",1,"success",0.005133649,1124344,1279959,248929537,""
"finngen_chr1_final","position","u32","reencoded_from_actual","32768","direct_destination_fresh",2,"success",0.004745238,1124344,1279959,248929537,""
"finngen_chr1_final","position","u32","reencoded_from_actual","32768","direct_destination_fresh",3,"success",0.004749223,1124344,1279959,248929537,""
"finngen_chr1_final","position","u32","reencoded_from_actual","32768","direct_destination_fresh",4,"success",0.004741547,1124344,1279959,248929537,""
"finngen_chr1_final","position","u32","reencoded_from_actual","32768","direct_destination_fresh",5,"success",0.004746593,1124344,1279959,248929537,""
"finngen_chr1_final","position","u32","reencoded_from_actual","32768","direct_destination_reused",1,"success",0.004850126,1124344,1279959,248929537,""
"finngen_chr1_final","position","u32","reencoded_from_actual","32768","direct_destination_reused",2,"success",0.004743648,1124344,1279959,248929537,""
"finngen_chr1_final","position","u32","reencoded_from_actual","32768","direct_destination_reused",3,"success",0.004742527,1124344,1279959,248929537,""
"finngen_chr1_final","position","u32","reencoded_from_actual","32768","direct_destination_reused",4,"success",0.004745823,1124344,1279959,248929537,""
"finngen_chr1_final","position","u32","reencoded_from_actual","32768","direct_destination_reused",5,"success",0.004740963,1124344,1279959,248929537,""
"finngen_chr1_final","position","u32","reencoded_from_actual","65536","alloc_then_copy_current",1,"success",0.005313974,1124344,1278931,248929537,""
"finngen_chr1_final","position","u32","reencoded_from_actual","65536","alloc_then_copy_current",2,"success",0.005771705,1124344,1278931,248929537,""
"finngen_chr1_final","position","u32","reencoded_from_actual","65536","alloc_then_copy_current",3,"success",0.005762714,1124344,1278931,248929537,""
"finngen_chr1_final","position","u32","reencoded_from_actual","65536","alloc_then_copy_current",4,"success",0.005752844,1124344,1278931,248929537,""
"finngen_chr1_final","position","u32","reencoded_from_actual","65536","alloc_then_copy_current",5,"success",0.005751341,1124344,1278931,248929537,""
"finngen_chr1_final","position","u32","reencoded_from_actual","65536","direct_destination_fresh",1,"success",0.005069889,1124344,1278931,248929537,""
"finngen_chr1_final","position","u32","reencoded_from_actual","65536","direct_destination_fresh",2,"success",0.004824429,1124344,1278931,248929537,""
"finngen_chr1_final","position","u32","reencoded_from_actual","65536","direct_destination_fresh",3,"success",0.004718381,1124344,1278931,248929537,""
"finngen_chr1_final","position","u32","reencoded_from_actual","65536","direct_destination_fresh",4,"success",0.004701428,1124344,1278931,248929537,""
"finngen_chr1_final","position","u32","reencoded_from_actual","65536","direct_destination_fresh",5,"success",0.004711251,1124344,1278931,248929537,""
"finngen_chr1_final","position","u32","reencoded_from_actual","65536","direct_destination_reused",1,"success",0.004707087,1124344,1278931,248929537,""
"finngen_chr1_final","position","u32","reencoded_from_actual","65536","direct_destination_reused",2,"success",0.004709644,1124344,1278931,248929537,""
"finngen_chr1_final","position","u32","reencoded_from_actual","65536","direct_destination_reused",3,"success",0.004704052,1124344,1278931,248929537,""
"finngen_chr1_final","position","u32","reencoded_from_actual","65536","direct_destination_reused",4,"success",0.004702688,1124344,1278931,248929537,""
"finngen_chr1_final","position","u32","reencoded_from_actual","65536","direct_destination_reused",5,"success",0.004706285,1124344,1278931,248929537,""
"finngen_chr1_final","position","u32","reencoded_from_actual","131072","alloc_then_copy_current",1,"success",0.005209752,1124344,1278826,248929537,""
"finngen_chr1_final","position","u32","reencoded_from_actual","131072","alloc_then_copy_current",2,"success",0.005706676,1124344,1278826,248929537,""
"finngen_chr1_final","position","u32","reencoded_from_actual","131072","alloc_then_copy_current",3,"success",0.005833293,1124344,1278826,248929537,""
"finngen_chr1_final","position","u32","reencoded_from_actual","131072","alloc_then_copy_current",4,"success",0.005695050,1124344,1278826,248929537,""
"finngen_chr1_final","position","u32","reencoded_from_actual","131072","alloc_then_copy_current",5,"success",0.005712650,1124344,1278826,248929537,""
"finngen_chr1_final","position","u32","reencoded_from_actual","131072","direct_destination_fresh",1,"success",0.005081876,1124344,1278826,248929537,""
"finngen_chr1_final","position","u32","reencoded_from_actual","131072","direct_destination_fresh",2,"success",0.004621752,1124344,1278826,248929537,""
"finngen_chr1_final","position","u32","reencoded_from_actual","131072","direct_destination_fresh",3,"success",0.004609629,1124344,1278826,248929537,""
"finngen_chr1_final","position","u32","reencoded_from_actual","131072","direct_destination_fresh",4,"success",0.004613172,1124344,1278826,248929537,""
"finngen_chr1_final","position","u32","reencoded_from_actual","131072","direct_destination_fresh",5,"success",0.004618150,1124344,1278826,248929537,""
"finngen_chr1_final","position","u32","reencoded_from_actual","131072","direct_destination_reused",1,"success",0.004615210,1124344,1278826,248929537,""
"finngen_chr1_final","position","u32","reencoded_from_actual","131072","direct_destination_reused",2,"success",0.004615082,1124344,1278826,248929537,""
"finngen_chr1_final","position","u32","reencoded_from_actual","131072","direct_destination_reused",3,"success",0.004614856,1124344,1278826,248929537,""
"finngen_chr1_final","position","u32","reencoded_from_actual","131072","direct_destination_reused",4,"success",0.004612853,1124344,1278826,248929537,""
"finngen_chr1_final","position","u32","reencoded_from_actual","131072","direct_destination_reused",5,"success",0.004616105,1124344,1278826,248929537,""
