set,stores,keys,threads,one_median,share_median,auto_median,auto_choice,faster,auto_vs_best_pct,identical_results,one_runs,share_runs,auto_runs
mix,25,1000,8,1.80,2.28,1.93,TRUE,one,+7,True,1.746/1.803/2.24,2.159/2.383/2.28,1.692/2.437/1.927
mix,30,1000,8,2.20,2.30,2.35,FALSE,one,+7,True,2.203/2.109/2.265,2.892/2.068/2.302,2.347/2.193/2.851
mix,40,1000,8,2.90,2.82,3.03,FALSE,share,+7,True,2.901/2.835/2.909,2.605/2.821/2.97,3.154/2.888/3.03
showcase,20,1000,1,8.45,8.51,6.90,TRUE,one,-18,True,7.158/8.448/11.952,9.506/8.514/6.669,6.241/8.983/6.897
showcase,20,100000,1,8.74,7.42,6.51,TRUE,share,-12,True,8.742/7.79/9.504,7.129/7.415/8.068,6.509/5.812/7.014
showcase,20,1000,8,1.65,1.97,1.31,TRUE,one,-20,True,1.538/1.65/1.708,1.966/1.993/1.278,1.299/1.313/1.578
showcase,20,100000,8,2.05,1.92,1.98,TRUE,share,+3,True,2.048/2.007/2.176,1.847/1.924/2.02,1.856/2.074/1.983
showcase,50,1000,1,26.48,23.04,22.50,TRUE,share,-2,True,26.384/27.027/26.478,21.953/23.036/23.096,22.817/22.404/22.505
showcase,50,100000,1,28.25,24.73,23.62,TRUE,share,-5,True,28.327/27.037/28.255,24.703/24.732/25.403,23.59/25.481/23.619
showcase,50,1000,8,4.58,4.34,4.67,TRUE,share,+8,True,5.057/4.573/4.584,4.342/4.455/4.029,4.889/4.674/4.159
showcase,50,100000,8,5.78,5.61,5.59,TRUE,share,-0,True,5.777/5.846/5.577,5.607/5.425/5.756,5.49/5.594/6.254
ukbppp,20,6000,1,2.62,2.59,2.63,FALSE,share,+2,True,2.619/2.619/6.299,2.63/2.568/2.586,2.633/2.675/2.621
ukbppp,20,6000,8,0.73,0.85,0.74,FALSE,one,+1,True,0.733/0.734/0.736,0.855/0.849/0.861,0.739/0.739/0.743
ukbppp,60,6000,8,3.31,3.67,3.60,FALSE,one,+9,True,3.25/3.315/3.912,3.757/3.591/3.67,3.605/3.365/3.906
ukbppp,160,6000,8,9.05,10.09,9.08,FALSE,one,+0,True,9.196/8.749/9.05,9.669/10.092/10.617,9.142/8.95/9.077
ukbppp,300,6000,8,17.32,18.31,17.36,FALSE,one,+0,True,18.175/17.099/17.315,18.306/18.481/18.074,17.598/17.019/17.359
ukbppp,2940,6000,8,165.21,164.38,164.08,FALSE,share,-0,True,163.313/168.641/165.207,161.773/170.036/164.378,165.717/162.672/164.079
