format,workload,runs,median_seconds,min_seconds,max_seconds,rows,bytes,checksum_median
CompreSSoR Pcodec,compress_end_to_end,5,7.038,6.920,7.492,1124344,4371370,1124344
CompreSSoR Pcodec,full_core,5,0.073,0.071,0.080,1124344,4371370,141519510196581
CompreSSoR Pcodec,full_with_beta_p,5,0.075,0.071,0.079,1124344,4371370,141519510745201
CompreSSoR Pcodec,region_chr1_1mb,5,0.008,0.007,0.010,4325,4371370,434645372151.158
CompreSSoR Pcodec,sparse_25_keys,5,0.212,0.200,0.218,25,4371370,3149582129.865
CompreSSoR Pcodec,sparse_1000_keys,5,1.458,1.423,1.494,1000,4371370,125871422251.210
TSV gzip,full_core,5,0.121,0.114,0.133,1124344,15186281,141519510194789
TSV gzip,full_with_beta_p,5,0.121,0.111,0.177,1124344,15186281,141519510745188
TSV gzip,region_chr1_1mb,5,0.132,0.119,0.137,4325,15186281,434645371952.363
TSV gzip,sparse_25_keys,5,0.123,0.115,0.135,25,15186281,3149582133.591
TSV gzip,sparse_1000_keys,5,0.124,0.113,0.131,1000,15186281,125871422246.442
