format,run,seconds,checksum,rows
TSV gzip,1,0.367000000000001,306106.821400466,1124344
TSV gzip,2,0.367000000000001,306106.821400466,1124344
TSV gzip,3,0.363,306106.821400466,1124344
TSV gzip,4,0.359999999999999,306106.821400466,1124344
TSV gzip,5,0.363,306106.821400466,1124344
TSV uncompressed,1,0.165999999999997,306106.821400466,1124344
TSV uncompressed,2,0.107000000000006,306106.821400466,1124344
TSV uncompressed,3,0.105000000000004,306106.821400466,1124344
TSV uncompressed,4,0.0790000000000006,306106.821400466,1124344
TSV uncompressed,5,0.0739999999999981,306106.821400466,1124344
Parquet self-contained exact,1,0.186,306106.821400466,1124344
Parquet self-contained exact,2,0.131999999999998,306106.821400466,1124344
Parquet self-contained exact,3,0.134,306106.821400466,1124344
Parquet self-contained exact,4,0.127000000000002,306106.821400466,1124344
Parquet self-contained exact,5,0.127000000000002,306106.821400466,1124344
VCF bgzip + Tabix,1,0.789999999999999,306106.821400466,1124344
VCF bgzip + Tabix,2,0.794999999999995,306106.821400466,1124344
VCF bgzip + Tabix,3,0.813000000000002,306106.821400466,1124344
VCF bgzip + Tabix,4,0.794000000000004,306106.821400466,1124344
VCF bgzip + Tabix,5,0.788999999999994,306106.821400466,1124344
CompreSSoR Pcodec self-contained,1,0.118000000000002,141519510196581,1124344
CompreSSoR Pcodec self-contained,2,0.117000000000004,141519510196581,1124344
CompreSSoR Pcodec self-contained,3,0.116,141519510196581,1124344
CompreSSoR Pcodec self-contained,4,0.116,141519510196581,1124344
CompreSSoR Pcodec self-contained,5,0.116,141519510196581,1124344
