dataset,profile,field,n,n_na_new,max_abs,p999_abs,max_rel,p999_rel
exp01,z10/eaf8/se6,beta,8973314,0,0.0012585775798398,0.000407587741758057,21138.3753971369,1.54097738102776
exp01,z10/eaf8/se7,beta,8973314,0,0.000628425437914706,0.000210991497600141,21026.1345045787,1.54221052232716
exp01,z10/eaf8/se8,beta,8973314,0,0.000300034277038841,0.000121374752911609,21086.3344597629,1.54332151675142
exp01,z10/eaf8/se8+xse,beta,8973314,0,0.000229501913813719,0.000118730793045088,21086.3344597629,1.54332151675142
exp01,z9/eaf8/se6,beta,8973314,0,0.0012585775798398,0.000426964919089268,42360.6503056361,4.09191937923569
exp01,z9/eaf8/se7,beta,8973314,0,0.000628425437914706,0.000244162339594227,42135.7283601568,4.09439049768251
exp01,z9/eaf8/se8,beta,8973314,0,0.000300034277038841,0.000166571958353513,42256.3643487809,4.09661684337238
exp01,z9/eaf8/se8+xse,beta,8973314,0,0.000279620279871336,0.000165767181238861,42256.3643487809,4.09661684337238
exp01,z10/eaf8/se6,beta_in_se_units,8973314,0,0.139422983906877,0.0355175769498704,-Inf,
exp01,z10/eaf8/se7,beta_in_se_units,8973314,0,0.0684102428426753,0.0180357526778387,-Inf,
exp01,z10/eaf8/se8,beta_in_se_units,8973314,0,0.0338888175561767,0.00973205972171065,-Inf,
exp01,z10/eaf8/se8+xse,beta_in_se_units,8973314,0,0.0125102502039922,0.00877866169050289,-Inf,
exp01,z9/eaf8/se6,beta_in_se_units,8973314,0,0.139422983906877,0.036574339498355,-Inf,
exp01,z9/eaf8/se7,beta_in_se_units,8973314,0,0.0684102428426753,0.0195941196764194,-Inf,
exp01,z9/eaf8/se8,beta_in_se_units,8973314,0,0.0338888175561767,0.0120959297358534,-Inf,
exp01,z9/eaf8/se8+xse,beta_in_se_units,8973314,0,0.015992685114331,0.0115976234224359,-Inf,
exp01,z10/eaf8/se6,eaf,8973314,0,0.00307997331906917,0.00300307591154569,0.04577579582242,0.04577579582242
exp01,z10/eaf8/se7,eaf,8973314,0,0.00307997331906917,0.00300307591154569,0.04577579582242,0.04577579582242
exp01,z10/eaf8/se8,eaf,8973314,0,0.00307997331906917,0.00300307591154569,0.04577579582242,0.04577579582242
exp01,z10/eaf8/se8+xse,eaf,8973314,0,0.00307997331906917,0.00300307591154569,0.04577579582242,0.04577579582242
exp01,z9/eaf8/se6,eaf,8973314,0,0.00307997331906917,0.00300307591154569,0.04577579582242,0.04577579582242
exp01,z9/eaf8/se7,eaf,8973314,0,0.00307997331906917,0.00300307591154569,0.04577579582242,0.04577579582242
exp01,z9/eaf8/se8,eaf,8973314,0,0.00307997331906917,0.00300307591154569,0.04577579582242,0.04577579582242
exp01,z9/eaf8/se8+xse,eaf,8973314,0,0.00307997331906917,0.00300307591154569,0.04577579582242,0.04577579582242
exp01,z10/eaf8/se6,nlp_vs_exact_z,8973314,0,0.00555306803805689,0.00427708312543501,21077.0075529188,1.54583165458579
exp01,z10/eaf8/se7,nlp_vs_exact_z,8973314,0,0.00555306803805689,0.00427708312543501,21077.0075529188,1.54583165458579
exp01,z10/eaf8/se8,nlp_vs_exact_z,8973314,0,0.00555306803805689,0.00427708312543501,21077.0075529188,1.54583165458579
exp01,z10/eaf8/se8+xse,nlp_vs_exact_z,8973314,0,0.00555306803805689,0.00427708312543501,21077.0075529188,1.54583165458579
exp01,z9/eaf8/se6,nlp_vs_exact_z,8973314,0,0.0111479104284289,0.00856875164236279,42295.5972546673,4.10864302054365
exp01,z9/eaf8/se7,nlp_vs_exact_z,8973314,0,0.0111479104284289,0.00856875164236279,42295.5972546673,4.10864302054365
exp01,z9/eaf8/se8,nlp_vs_exact_z,8973314,0,0.0111479104284289,0.00856875164236279,42295.5972546673,4.10864302054365
exp01,z9/eaf8/se8+xse,nlp_vs_exact_z,8973314,0,0.0111479104284289,0.00856875164236279,42295.5972546673,4.10864302054365
exp01,z10/eaf8/se6,nlp_vs_source_p,8973314,0,0.0152555196472441,0.0048299355783711,26.3607924552975,1.4861007852059
exp01,z10/eaf8/se7,nlp_vs_source_p,8973314,0,0.0152555196472441,0.0048299355783711,26.3607924552975,1.4861007852059
exp01,z10/eaf8/se8,nlp_vs_source_p,8973314,0,0.0152555196472441,0.0048299355783711,26.3607924552975,1.4861007852059
exp01,z10/eaf8/se8+xse,nlp_vs_source_p,8973314,0,0.0152555196472441,0.0048299355783711,26.3607924552975,1.4861007852059
exp01,z9/eaf8/se6,nlp_vs_source_p,8973314,0,0.0152555196472441,0.00885591675023854,53.9040708019796,3.98878290001394
exp01,z9/eaf8/se7,nlp_vs_source_p,8973314,0,0.0152555196472441,0.00885591675023854,53.9040708019796,3.98878290001394
exp01,z9/eaf8/se8,nlp_vs_source_p,8973314,0,0.0152555196472441,0.00885591675023854,53.9040708019796,3.98878290001394
exp01,z9/eaf8/se8+xse,nlp_vs_source_p,8973314,0,0.0152555196472441,0.00885591675023854,53.9040708019796,3.98878290001394
exp01,z10/eaf8/se6,se,8973314,0,0.0002291567517047,0.000203788858415706,0.0112425206651817,0.0112211044689817
exp01,z10/eaf8/se7,se,8973314,0,0.000111534046618712,0.000100340072585473,0.00551632730995346,0.00550623763456963
exp01,z10/eaf8/se8,se,8973314,0,5.51805417546986e-05,4.97267879311439e-05,0.00273265281540282,0.00272782967988052
exp01,z10/eaf8/se8+xse,se,8973314,0,5.51805417546986e-05,4.97198897564943e-05,0.00273265281540282,0.00272782073826683
exp01,z9/eaf8/se6,se,8973314,0,0.0002291567517047,0.000203788858415706,0.0112425206651817,0.0112211044689817
exp01,z9/eaf8/se7,se,8973314,0,0.000111534046618712,0.000100340072585473,0.00551632730995346,0.00550623763456963
exp01,z9/eaf8/se8,se,8973314,0,5.51805417546986e-05,4.97267879311439e-05,0.00273265281540282,0.00272782967988052
exp01,z9/eaf8/se8+xse,se,8973314,0,5.51805417546986e-05,4.97198897564943e-05,0.00273265281540282,0.00272782073826683
exp01,z10/eaf8/se6,z,8973314,0,0.00342465753424692,0.00342266552800363,21048.2393628443,1.54372254295335
exp01,z10/eaf8/se7,z,8973314,0,0.00342465753424692,0.00342266552800363,21048.2393628443,1.54372254295335
exp01,z10/eaf8/se8,z,8973314,0,0.00342465753424692,0.00342266552800363,21048.2393628443,1.54372254295335
exp01,z10/eaf8/se8+xse,z,8973314,0,0.00342465753424692,0.00342266552800363,21048.2393628443,1.54372254295335
exp01,z9/eaf8/se6,z,8973314,0,0.00686274509803964,0.00685645044534633,42180.0247624067,4.09742046842755
exp01,z9/eaf8/se7,z,8973314,0,0.00686274509803964,0.00685645044534633,42180.0247624067,4.09742046842755
exp01,z9/eaf8/se8,z,8973314,0,0.00686274509803964,0.00685645044534633,42180.0247624067,4.09742046842755
exp01,z9/eaf8/se8+xse,z,8973314,0,0.00686274509803964,0.00685645044534633,42180.0247624067,4.09742046842755
finngen,z10/eaf8/se6,beta,10000000,0,0.0425890140857312,0.0113836030742618,33.0758120369846,0.493800297393702
finngen,z10/eaf8/se7,beta,10000000,0,0.0195087573221633,0.00606128106975479,33.3429211623424,0.494126367281754
finngen,z10/eaf8/se8,beta,10000000,0,0.0188409329059103,0.00392943275016332,33.4740804628878,0.493296334412122
finngen,z10/eaf8/se8+xse,beta,10000000,0,0.0188409329059103,0.00392169135138429,33.4740804628878,0.493296334412122
finngen,z9/eaf8/se6,beta,10000000,0,0.0425890140857312,0.0122840207873471,67.2852547094013,1.60191734000322
finngen,z9/eaf8/se7,beta,10000000,0,0.0359443312670447,0.00791572149268309,67.8205204468829,1.5997667274482
finngen,z9/eaf8/se8,beta,10000000,0,0.0359443312670447,0.00641207738789988,68.0833533981718,1.60254659315102
finngen,z9/eaf8/se8+xse,beta,10000000,0,0.0359443312670447,0.00641131507140014,68.0833533981718,1.60254659315102
finngen,z10/eaf8/se6,beta_in_se_units,10000000,0,0.0544519317927367,0.0303529563322716,-Inf,
finngen,z10/eaf8/se7,beta_in_se_units,10000000,0,0.0264201000779336,0.0156352840040966,-Inf,
finngen,z10/eaf8/se8,beta_in_se_units,10000000,0,0.0133304137232622,0.00890379650464153,-Inf,
finngen,z10/eaf8/se8+xse,beta_in_se_units,10000000,0,0.0127525652865644,0.00883460667007402,-Inf,
finngen,z9/eaf8/se6,beta_in_se_units,10000000,0,0.0544519317927367,0.0317999695638348,-Inf,
finngen,z9/eaf8/se7,beta_in_se_units,10000000,0,0.0264201000779336,0.0178416881779923,-Inf,
finngen,z9/eaf8/se8,beta_in_se_units,10000000,0,0.0161006079106802,0.0116561932315949,-Inf,
finngen,z9/eaf8/se8+xse,beta_in_se_units,10000000,0,0.0161006079106802,0.0116546971360541,-Inf,
finngen,z10/eaf8/se6,eaf,10000000,0,0.00307997331906917,0.00300287440572911,0.731591683561797,0.538978007140453
finngen,z10/eaf8/se7,eaf,10000000,0,0.00307997331906917,0.00300287440572911,0.731591683561797,0.538978007140453
finngen,z10/eaf8/se8,eaf,10000000,0,0.00307997331906917,0.00300287440572911,0.731591683561797,0.538978007140453
finngen,z10/eaf8/se8+xse,eaf,10000000,0,0.00307997331906917,0.00300287440572911,0.731591683561797,0.538978007140453
finngen,z9/eaf8/se6,eaf,10000000,0,0.00307997331906917,0.00300287440572911,0.731591683561797,0.538978007140453
finngen,z9/eaf8/se7,eaf,10000000,0,0.00307997331906917,0.00300287440572911,0.731591683561797,0.538978007140453
finngen,z9/eaf8/se8,eaf,10000000,0,0.00307997331906917,0.00300287440572911,0.731591683561797,0.538978007140453
finngen,z9/eaf8/se8+xse,eaf,10000000,0,0.00307997331906917,0.00300287440572911,0.731591683561797,0.538978007140453
finngen,z10/eaf8/se6,nlp_vs_exact_z,10000000,0,0.00557707955247677,0.00432202531667736,33.4771988873213,0.493823414931782
finngen,z10/eaf8/se7,nlp_vs_exact_z,10000000,0,0.00557707955247677,0.00432202531667736,33.4771988873213,0.493823414931782
finngen,z10/eaf8/se8,nlp_vs_exact_z,10000000,0,0.00557707955247677,0.00432202531667736,33.4771988873213,0.493823414931782
finngen,z10/eaf8/se8+xse,nlp_vs_exact_z,10000000,0,0.00557707955247677,0.00432202531667736,33.4771988873213,0.493823414931782
finngen,z9/eaf8/se6,nlp_vs_exact_z,10000000,0,0.0111711985883272,0.00860614336369273,68.1843473414059,1.60536375283706
finngen,z9/eaf8/se7,nlp_vs_exact_z,10000000,0,0.0111711985883272,0.00860614336369273,68.1843473414059,1.60536375283706
finngen,z9/eaf8/se8,nlp_vs_exact_z,10000000,0,0.0111711985883272,0.00860614336369273,68.1843473414059,1.60536375283706
finngen,z9/eaf8/se8+xse,nlp_vs_exact_z,10000000,0,0.0111711985883272,0.00860614336369273,68.1843473414059,1.60536375283706
finngen,z10/eaf8/se6,nlp_vs_source_p,10000000,0,0.0374143329367573,0.0117059134405058,26.3607924552975,1.48610078520621
finngen,z10/eaf8/se7,nlp_vs_source_p,10000000,0,0.0374143329367573,0.0117059134405058,26.3607924552975,1.48610078520621
finngen,z10/eaf8/se8,nlp_vs_source_p,10000000,0,0.0374143329367573,0.0117059134405058,26.3607924552975,1.48610078520621
finngen,z10/eaf8/se8+xse,nlp_vs_source_p,10000000,0,0.0374143329367573,0.0117059134405058,26.3607924552975,1.48610078520621
finngen,z9/eaf8/se6,nlp_vs_source_p,10000000,0,0.0374143329367573,0.0141674828485079,53.9040708019796,3.98878290001394
finngen,z9/eaf8/se7,nlp_vs_source_p,10000000,0,0.0374143329367573,0.0141674828485079,53.9040708019796,3.98878290001394
finngen,z9/eaf8/se8,nlp_vs_source_p,10000000,0,0.0374143329367573,0.0141674828485079,53.9040708019796,3.98878290001394
finngen,z9/eaf8/se8+xse,nlp_vs_source_p,10000000,0,0.0374143329367573,0.0141674828485079,53.9040708019796,3.98878290001394
finngen,z10/eaf8/se6,se,10000000,0,0.0127820578824076,0.00796450244175548,0.0112425206651871,0.0112391189335661
finngen,z10/eaf8/se7,se,10000000,0,0.00630471396926002,0.00392615972721987,0.00551632730995878,0.00551549407111369
finngen,z10/eaf8/se8,se,10000000,0,0.00312915952489257,0.00194578818406703,0.00273265281540804,0.00273217126836943
finngen,z10/eaf8/se8+xse,se,10000000,0,0.00312915952489257,0.00194568991402855,0.00273265281540804,0.00273216757564632
finngen,z9/eaf8/se6,se,10000000,0,0.0127820578824076,0.00796450244175548,0.0112425206651871,0.0112391189335661
finngen,z9/eaf8/se7,se,10000000,0,0.00630471396926002,0.00392615972721987,0.00551632730995878,0.00551549407111369
finngen,z9/eaf8/se8,se,10000000,0,0.00312915952489257,0.00194578818406703,0.00273265281540804,0.00273217126836943
finngen,z9/eaf8/se8+xse,se,10000000,0,0.00312915952489257,0.00194568991402855,0.00273265281540804,0.00273216757564632
finngen,z10/eaf8/se6,z,10000000,0,0.00342465753424692,0.00342465753424659,33.4315068493186,0.493150684931521
finngen,z10/eaf8/se7,z,10000000,0,0.00342465753424692,0.00342465753424659,33.4315068493186,0.493150684931521
finngen,z10/eaf8/se8,z,10000000,0,0.00342465753424692,0.00342465753424659,33.4315068493186,0.493150684931521
finngen,z10/eaf8/se8+xse,z,10000000,0,0.00342465753424692,0.00342465753424659,33.4315068493186,0.493150684931521
finngen,z9/eaf8/se6,z,10000000,0,0.00686274509803964,0.00686274509803919,67.998039215686,1.60098039215685
finngen,z9/eaf8/se7,z,10000000,0,0.00686274509803964,0.00686274509803919,67.998039215686,1.60098039215685
finngen,z9/eaf8/se8,z,10000000,0,0.00686274509803964,0.00686274509803919,67.998039215686,1.60098039215685
finngen,z9/eaf8/se8+xse,z,10000000,0,0.00686274509803964,0.00686274509803919,67.998039215686,1.60098039215685
out01,z10/eaf8/se6,beta,8973314,0,0.000690018503269454,0.000326431293921867,44755.7849890811,1.50554086778849
out01,z10/eaf8/se7,beta,8973314,0,0.000341980655170035,0.000169821831757264,44533.9491953192,1.50465699081758
out01,z10/eaf8/se8,beta,8973314,0,0.000198338083817209,9.83478186705713e-05,44669.1903229996,1.50481037127262
out01,z10/eaf8/se8+xse,beta,8973314,0,0.000198338083817209,9.76408375612561e-05,44669.1903229996,1.50481037127262
out01,z9/eaf8/se6,beta,8973314,0,0.000690018503269454,0.000343671118523392,89688.0867820315,4.02090738603901
out01,z9/eaf8/se7,beta,8973314,0,0.000381386161863645,0.000198259118938983,89243.5452502186,4.01913616591301
out01,z9/eaf8/se8,beta,8973314,0,0.000232540829110374,0.000136601621413533,89514.5578629427,4.01944352831507
out01,z9/eaf8/se8+xse,beta,8973314,0,0.000232540829110374,0.000136511506160848,89514.5578629427,4.01944352831507
out01,z10/eaf8/se6,beta_in_se_units,8973314,0,0.0927767070402215,0.0342255718678169,-Inf,
out01,z10/eaf8/se7,beta_in_se_units,8973314,0,0.0472992938097026,0.017413057520288,-Inf,
out01,z10/eaf8/se8,beta_in_se_units,8973314,0,0.0237925256504671,0.00950254182705503,-Inf,
out01,z10/eaf8/se8+xse,beta_in_se_units,8973314,0,0.0127087575127176,0.00885497744475027,-Inf,
out01,z9/eaf8/se6,beta_in_se_units,8973314,0,0.0927767070402215,0.0354227120285129,-Inf,
out01,z9/eaf8/se7,beta_in_se_units,8973314,0,0.0472992938097026,0.0191077506714133,-Inf,
out01,z9/eaf8/se8,beta_in_se_units,8973314,0,0.0237925256504671,0.0119230686244113,-Inf,
out01,z9/eaf8/se8+xse,beta_in_se_units,8973314,0,0.0161376380244915,0.0116732749406337,-Inf,
out01,z10/eaf8/se6,eaf,8973314,0,0.00307997331906917,0.00300307591154569,0.04577579582242,0.04577579582242
out01,z10/eaf8/se7,eaf,8973314,0,0.00307997331906917,0.00300307591154569,0.04577579582242,0.04577579582242
out01,z10/eaf8/se8,eaf,8973314,0,0.00307997331906917,0.00300307591154569,0.04577579582242,0.04577579582242
out01,z10/eaf8/se8+xse,eaf,8973314,0,0.00307997331906917,0.00300307591154569,0.04577579582242,0.04577579582242
out01,z9/eaf8/se6,eaf,8973314,0,0.00307997331906917,0.00300307591154569,0.04577579582242,0.04577579582242
out01,z9/eaf8/se7,eaf,8973314,0,0.00307997331906917,0.00300307591154569,0.04577579582242,0.04577579582242
out01,z9/eaf8/se8,eaf,8973314,0,0.00307997331906917,0.00300307591154569,0.04577579582242,0.04577579582242
out01,z9/eaf8/se8+xse,eaf,8973314,0,0.00307997331906917,0.00300307591154569,0.04577579582242,0.04577579582242
out01,z10/eaf8/se6,nlp_vs_exact_z,8973314,0,0.00557707955247633,0.00434130057793736,44835.1199795827,1.50701069317839
out01,z10/eaf8/se7,nlp_vs_exact_z,8973314,0,0.00557707955247633,0.00434130057793736,44835.1199795827,1.50701069317839
out01,z10/eaf8/se8,nlp_vs_exact_z,8973314,0,0.00557707955247633,0.00434130057793736,44835.1199795827,1.50701069317839
out01,z10/eaf8/se8+xse,nlp_vs_exact_z,8973314,0,0.00557707955247633,0.00434130057793736,44835.1199795827,1.50701069317839
out01,z9/eaf8/se6,nlp_vs_exact_z,8973314,0,0.0111711985883272,0.00870396710023915,89970.2795185667,4.03074217694803
out01,z9/eaf8/se7,nlp_vs_exact_z,8973314,0,0.0111711985883272,0.00870396710023915,89970.2795185667,4.03074217694803
out01,z9/eaf8/se8,nlp_vs_exact_z,8973314,0,0.0111711985883272,0.00870396710023915,89970.2795185667,4.03074217694803
out01,z9/eaf8/se8+xse,nlp_vs_exact_z,8973314,0,0.0111711985883272,0.00870396710023915,89970.2795185667,4.03074217694803
out01,z10/eaf8/se6,nlp_vs_source_p,8973314,0,0.00911225746221156,0.00477893150480141,26.3607924552975,1.4861007852059
out01,z10/eaf8/se7,nlp_vs_source_p,8973314,0,0.00911225746221156,0.00477893150480141,26.3607924552975,1.4861007852059
out01,z10/eaf8/se8,nlp_vs_source_p,8973314,0,0.00911225746221156,0.00477893150480141,26.3607924552975,1.4861007852059
out01,z10/eaf8/se8+xse,nlp_vs_source_p,8973314,0,0.00911225746221156,0.00477893150480141,26.3607924552975,1.4861007852059
out01,z9/eaf8/se6,nlp_vs_source_p,8973314,0,0.0139065406533305,0.00892293050096082,53.9040708019796,3.98878290001394
out01,z9/eaf8/se7,nlp_vs_source_p,8973314,0,0.0139065406533305,0.00892293050096082,53.9040708019796,3.98878290001394
out01,z9/eaf8/se8,nlp_vs_source_p,8973314,0,0.0139065406533305,0.00892293050096082,53.9040708019796,3.98878290001394
out01,z9/eaf8/se8+xse,nlp_vs_source_p,8973314,0,0.0139065406533305,0.00892293050096082,53.9040708019796,3.98878290001394
out01,z10/eaf8/se6,se,8973314,0,0.000187266191201033,0.000167530585938935,0.011242520665182,0.0112215200601961
out01,z10/eaf8/se7,se,8973314,0,9.27754448590314e-05,8.28935257806591e-05,0.0055163273099537,0.00550636359036919
out01,z10/eaf8/se8,se,8973314,0,4.52662820656612e-05,4.11045717872392e-05,0.002732652815403,0.00272773595669511
out01,z10/eaf8/se8+xse,se,8973314,0,4.52662820656612e-05,4.11045717872392e-05,0.002732652815403,0.00272772383650279
out01,z9/eaf8/se6,se,8973314,0,0.000187266191201033,0.000167530585938935,0.011242520665182,0.0112215200601961
out01,z9/eaf8/se7,se,8973314,0,9.27754448590314e-05,8.28935257806591e-05,0.0055163273099537,0.00550636359036919
out01,z9/eaf8/se8,se,8973314,0,4.52662820656612e-05,4.11045717872392e-05,0.002732652815403,0.00272773595669511
out01,z9/eaf8/se8+xse,se,8973314,0,4.52662820656612e-05,4.11045717872392e-05,0.002732652815403,0.00272772383650279
out01,z10/eaf8/se6,z,8973314,0,0.00342465753424692,0.00342252067065433,44773.9241582077,1.50495456052344
out01,z10/eaf8/se7,z,8973314,0,0.00342465753424692,0.00342252067065433,44773.9241582077,1.50495456052344
out01,z10/eaf8/se8,z,8973314,0,0.00342465753424692,0.00342252067065433,44773.9241582077,1.50495456052344
out01,z10/eaf8/se8+xse,z,8973314,0,0.00342465753424692,0.00342252067065433,44773.9241582077,1.50495456052344
out01,z9/eaf8/se6,z,8973314,0,0.00686274509803964,0.00685640314067815,89724.4362542813,4.01973247226409
out01,z9/eaf8/se7,z,8973314,0,0.00686274509803964,0.00685640314067815,89724.4362542813,4.01973247226409
out01,z9/eaf8/se8,z,8973314,0,0.00686274509803964,0.00685640314067815,89724.4362542813,4.01973247226409
out01,z9/eaf8/se8+xse,z,8973314,0,0.00686274509803964,0.00685640314067815,89724.4362542813,4.01973247226409
