dataset,profile,reference,threshold,n_ref,n_recon,lost,gained,flips,flip_pct
exp01,z10/eaf8/se6,exact_z_p,5e-08,8946,8946,0,0,0,0
exp01,z10/eaf8/se7,exact_z_p,5e-08,8946,8946,0,0,0,0
exp01,z10/eaf8/se8,exact_z_p,5e-08,8946,8946,0,0,0,0
exp01,z10/eaf8/se8+xse,exact_z_p,5e-08,8946,8946,0,0,0,0
exp01,z9/eaf8/se6,exact_z_p,5e-08,8946,8946,0,0,0,0
exp01,z9/eaf8/se7,exact_z_p,5e-08,8946,8946,0,0,0,0
exp01,z9/eaf8/se8,exact_z_p,5e-08,8946,8946,0,0,0,0
exp01,z9/eaf8/se8+xse,exact_z_p,5e-08,8946,8946,0,0,0,0
exp01,z10/eaf8/se6,exact_z_p,1e-05,12571,12571,0,0,0,0
exp01,z10/eaf8/se7,exact_z_p,1e-05,12571,12571,0,0,0,0
exp01,z10/eaf8/se8,exact_z_p,1e-05,12571,12571,0,0,0,0
exp01,z10/eaf8/se8+xse,exact_z_p,1e-05,12571,12571,0,0,0,0
exp01,z9/eaf8/se6,exact_z_p,1e-05,12571,12571,0,0,0,0
exp01,z9/eaf8/se7,exact_z_p,1e-05,12571,12571,0,0,0,0
exp01,z9/eaf8/se8,exact_z_p,1e-05,12571,12571,0,0,0,0
exp01,z9/eaf8/se8+xse,exact_z_p,1e-05,12571,12571,0,0,0,0
exp01,z10/eaf8/se6,exact_z_p,0.01,127575,127712,0,137,137,0.107387811091515
exp01,z10/eaf8/se7,exact_z_p,0.01,127575,127712,0,137,137,0.107387811091515
exp01,z10/eaf8/se8,exact_z_p,0.01,127575,127712,0,137,137,0.107387811091515
exp01,z10/eaf8/se8+xse,exact_z_p,0.01,127575,127712,0,137,137,0.107387811091515
exp01,z9/eaf8/se6,exact_z_p,0.01,127575,125908,1667,0,1667,1.30668234371938
exp01,z9/eaf8/se7,exact_z_p,0.01,127575,125908,1667,0,1667,1.30668234371938
exp01,z9/eaf8/se8,exact_z_p,0.01,127575,125908,1667,0,1667,1.30668234371938
exp01,z9/eaf8/se8+xse,exact_z_p,0.01,127575,125908,1667,0,1667,1.30668234371938
exp01,z10/eaf8/se6,source_p,5e-08,8946,8946,1,1,2,0.0223563603845294
exp01,z10/eaf8/se7,source_p,5e-08,8946,8946,1,1,2,0.0223563603845294
exp01,z10/eaf8/se8,source_p,5e-08,8946,8946,1,1,2,0.0223563603845294
exp01,z10/eaf8/se8+xse,source_p,5e-08,8946,8946,1,1,2,0.0223563603845294
exp01,z9/eaf8/se6,source_p,5e-08,8946,8946,1,1,2,0.0223563603845294
exp01,z9/eaf8/se7,source_p,5e-08,8946,8946,1,1,2,0.0223563603845294
exp01,z9/eaf8/se8,source_p,5e-08,8946,8946,1,1,2,0.0223563603845294
exp01,z9/eaf8/se8+xse,source_p,5e-08,8946,8946,1,1,2,0.0223563603845294
exp01,z10/eaf8/se6,source_p,1e-05,12571,12571,1,1,2,0.0159096332829528
exp01,z10/eaf8/se7,source_p,1e-05,12571,12571,1,1,2,0.0159096332829528
exp01,z10/eaf8/se8,source_p,1e-05,12571,12571,1,1,2,0.0159096332829528
exp01,z10/eaf8/se8+xse,source_p,1e-05,12571,12571,1,1,2,0.0159096332829528
exp01,z9/eaf8/se6,source_p,1e-05,12571,12571,1,1,2,0.0159096332829528
exp01,z9/eaf8/se7,source_p,1e-05,12571,12571,1,1,2,0.0159096332829528
exp01,z9/eaf8/se8,source_p,1e-05,12571,12571,1,1,2,0.0159096332829528
exp01,z9/eaf8/se8+xse,source_p,1e-05,12571,12571,1,1,2,0.0159096332829528
exp01,z10/eaf8/se6,source_p,0.01,127671,127712,48,89,137,0.107307062684556
exp01,z10/eaf8/se7,source_p,0.01,127671,127712,48,89,137,0.107307062684556
exp01,z10/eaf8/se8,source_p,0.01,127671,127712,48,89,137,0.107307062684556
exp01,z10/eaf8/se8+xse,source_p,0.01,127671,127712,48,89,137,0.107307062684556
exp01,z9/eaf8/se6,source_p,0.01,127671,125908,1763,0,1763,1.3808930767363
exp01,z9/eaf8/se7,source_p,0.01,127671,125908,1763,0,1763,1.3808930767363
exp01,z9/eaf8/se8,source_p,0.01,127671,125908,1763,0,1763,1.3808930767363
exp01,z9/eaf8/se8+xse,source_p,0.01,127671,125908,1763,0,1763,1.3808930767363
finngen,z10/eaf8/se6,exact_z_p,5e-08,0,0,0,0,0,0
finngen,z10/eaf8/se7,exact_z_p,5e-08,0,0,0,0,0,0
finngen,z10/eaf8/se8,exact_z_p,5e-08,0,0,0,0,0,0
finngen,z10/eaf8/se8+xse,exact_z_p,5e-08,0,0,0,0,0,0
finngen,z9/eaf8/se6,exact_z_p,5e-08,0,0,0,0,0,0
finngen,z9/eaf8/se7,exact_z_p,5e-08,0,0,0,0,0,0
finngen,z9/eaf8/se8,exact_z_p,5e-08,0,0,0,0,0,0
finngen,z9/eaf8/se8+xse,exact_z_p,5e-08,0,0,0,0,0,0
finngen,z10/eaf8/se6,exact_z_p,1e-05,351,351,0,0,0,0
finngen,z10/eaf8/se7,exact_z_p,1e-05,351,351,0,0,0,0
finngen,z10/eaf8/se8,exact_z_p,1e-05,351,351,0,0,0,0
finngen,z10/eaf8/se8+xse,exact_z_p,1e-05,351,351,0,0,0,0
finngen,z9/eaf8/se6,exact_z_p,1e-05,351,351,0,0,0,0
finngen,z9/eaf8/se7,exact_z_p,1e-05,351,351,0,0,0,0
finngen,z9/eaf8/se8,exact_z_p,1e-05,351,351,0,0,0,0
finngen,z9/eaf8/se8+xse,exact_z_p,1e-05,351,351,0,0,0,0
finngen,z10/eaf8/se6,exact_z_p,0.01,129647,129823,0,176,176,0.135753237637585
finngen,z10/eaf8/se7,exact_z_p,0.01,129647,129823,0,176,176,0.135753237637585
finngen,z10/eaf8/se8,exact_z_p,0.01,129647,129823,0,176,176,0.135753237637585
finngen,z10/eaf8/se8+xse,exact_z_p,0.01,129647,129823,0,176,176,0.135753237637585
finngen,z9/eaf8/se6,exact_z_p,0.01,129647,128127,1520,0,1520,1.17241432505187
finngen,z9/eaf8/se7,exact_z_p,0.01,129647,128127,1520,0,1520,1.17241432505187
finngen,z9/eaf8/se8,exact_z_p,0.01,129647,128127,1520,0,1520,1.17241432505187
finngen,z9/eaf8/se8+xse,exact_z_p,0.01,129647,128127,1520,0,1520,1.17241432505187
finngen,z10/eaf8/se6,source_p,5e-08,0,0,0,0,0,0
finngen,z10/eaf8/se7,source_p,5e-08,0,0,0,0,0,0
finngen,z10/eaf8/se8,source_p,5e-08,0,0,0,0,0,0
finngen,z10/eaf8/se8+xse,source_p,5e-08,0,0,0,0,0,0
finngen,z9/eaf8/se6,source_p,5e-08,0,0,0,0,0,0
finngen,z9/eaf8/se7,source_p,5e-08,0,0,0,0,0,0
finngen,z9/eaf8/se8,source_p,5e-08,0,0,0,0,0,0
finngen,z9/eaf8/se8+xse,source_p,5e-08,0,0,0,0,0,0
finngen,z10/eaf8/se6,source_p,1e-05,349,351,0,2,2,0.573065902578797
finngen,z10/eaf8/se7,source_p,1e-05,349,351,0,2,2,0.573065902578797
finngen,z10/eaf8/se8,source_p,1e-05,349,351,0,2,2,0.573065902578797
finngen,z10/eaf8/se8+xse,source_p,1e-05,349,351,0,2,2,0.573065902578797
finngen,z9/eaf8/se6,source_p,1e-05,349,351,0,2,2,0.573065902578797
finngen,z9/eaf8/se7,source_p,1e-05,349,351,0,2,2,0.573065902578797
finngen,z9/eaf8/se8,source_p,1e-05,349,351,0,2,2,0.573065902578797
finngen,z9/eaf8/se8+xse,source_p,1e-05,349,351,0,2,2,0.573065902578797
finngen,z10/eaf8/se6,source_p,0.01,129717,129823,338,444,782,0.602850821403517
finngen,z10/eaf8/se7,source_p,0.01,129717,129823,338,444,782,0.602850821403517
finngen,z10/eaf8/se8,source_p,0.01,129717,129823,338,444,782,0.602850821403517
finngen,z10/eaf8/se8+xse,source_p,0.01,129717,129823,338,444,782,0.602850821403517
finngen,z9/eaf8/se6,source_p,0.01,129717,128127,1633,43,1676,1.29204344843004
finngen,z9/eaf8/se7,source_p,0.01,129717,128127,1633,43,1676,1.29204344843004
finngen,z9/eaf8/se8,source_p,0.01,129717,128127,1633,43,1676,1.29204344843004
finngen,z9/eaf8/se8+xse,source_p,0.01,129717,128127,1633,43,1676,1.29204344843004
out01,z10/eaf8/se6,exact_z_p,5e-08,4828,4828,0,0,0,0
out01,z10/eaf8/se7,exact_z_p,5e-08,4828,4828,0,0,0,0
out01,z10/eaf8/se8,exact_z_p,5e-08,4828,4828,0,0,0,0
out01,z10/eaf8/se8+xse,exact_z_p,5e-08,4828,4828,0,0,0,0
out01,z9/eaf8/se6,exact_z_p,5e-08,4828,4828,0,0,0,0
out01,z9/eaf8/se7,exact_z_p,5e-08,4828,4828,0,0,0,0
out01,z9/eaf8/se8,exact_z_p,5e-08,4828,4828,0,0,0,0
out01,z9/eaf8/se8+xse,exact_z_p,5e-08,4828,4828,0,0,0,0
out01,z10/eaf8/se6,exact_z_p,1e-05,9694,9694,0,0,0,0
out01,z10/eaf8/se7,exact_z_p,1e-05,9694,9694,0,0,0,0
out01,z10/eaf8/se8,exact_z_p,1e-05,9694,9694,0,0,0,0
out01,z10/eaf8/se8+xse,exact_z_p,1e-05,9694,9694,0,0,0,0
out01,z9/eaf8/se6,exact_z_p,1e-05,9694,9694,0,0,0,0
out01,z9/eaf8/se7,exact_z_p,1e-05,9694,9694,0,0,0,0
out01,z9/eaf8/se8,exact_z_p,1e-05,9694,9694,0,0,0,0
out01,z9/eaf8/se8+xse,exact_z_p,1e-05,9694,9694,0,0,0,0
out01,z10/eaf8/se6,exact_z_p,0.01,137266,137389,0,123,123,0.0896070403450235
out01,z10/eaf8/se7,exact_z_p,0.01,137266,137389,0,123,123,0.0896070403450235
out01,z10/eaf8/se8,exact_z_p,0.01,137266,137389,0,123,123,0.0896070403450235
out01,z10/eaf8/se8+xse,exact_z_p,0.01,137266,137389,0,123,123,0.0896070403450235
out01,z9/eaf8/se6,exact_z_p,0.01,137266,135863,1403,0,1403,1.02210306995177
out01,z9/eaf8/se7,exact_z_p,0.01,137266,135863,1403,0,1403,1.02210306995177
out01,z9/eaf8/se8,exact_z_p,0.01,137266,135863,1403,0,1403,1.02210306995177
out01,z9/eaf8/se8+xse,exact_z_p,0.01,137266,135863,1403,0,1403,1.02210306995177
out01,z10/eaf8/se6,source_p,5e-08,4828,4828,0,0,0,0
out01,z10/eaf8/se7,source_p,5e-08,4828,4828,0,0,0,0
out01,z10/eaf8/se8,source_p,5e-08,4828,4828,0,0,0,0
out01,z10/eaf8/se8+xse,source_p,5e-08,4828,4828,0,0,0,0
out01,z9/eaf8/se6,source_p,5e-08,4828,4828,0,0,0,0
out01,z9/eaf8/se7,source_p,5e-08,4828,4828,0,0,0,0
out01,z9/eaf8/se8,source_p,5e-08,4828,4828,0,0,0,0
out01,z9/eaf8/se8+xse,source_p,5e-08,4828,4828,0,0,0,0
out01,z10/eaf8/se6,source_p,1e-05,9691,9694,2,5,7,0.0722319678051801
out01,z10/eaf8/se7,source_p,1e-05,9691,9694,2,5,7,0.0722319678051801
out01,z10/eaf8/se8,source_p,1e-05,9691,9694,2,5,7,0.0722319678051801
out01,z10/eaf8/se8+xse,source_p,1e-05,9691,9694,2,5,7,0.0722319678051801
out01,z9/eaf8/se6,source_p,1e-05,9691,9694,2,5,7,0.0722319678051801
out01,z9/eaf8/se7,source_p,1e-05,9691,9694,2,5,7,0.0722319678051801
out01,z9/eaf8/se8,source_p,1e-05,9691,9694,2,5,7,0.0722319678051801
out01,z9/eaf8/se8+xse,source_p,1e-05,9691,9694,2,5,7,0.0722319678051801
out01,z10/eaf8/se6,source_p,0.01,137312,137389,14,91,105,0.076468189233279
out01,z10/eaf8/se7,source_p,0.01,137312,137389,14,91,105,0.076468189233279
out01,z10/eaf8/se8,source_p,0.01,137312,137389,14,91,105,0.076468189233279
out01,z10/eaf8/se8+xse,source_p,0.01,137312,137389,14,91,105,0.076468189233279
out01,z9/eaf8/se6,source_p,0.01,137312,135863,1449,0,1449,1.05526101141925
out01,z9/eaf8/se7,source_p,0.01,137312,135863,1449,0,1449,1.05526101141925
out01,z9/eaf8/se8,source_p,0.01,137312,135863,1449,0,1449,1.05526101141925
out01,z9/eaf8/se8+xse,source_p,0.01,137312,135863,1449,0,1449,1.05526101141925
