arm,method,pairs,same_nsnp,med_db_se,p90_db_se,max_db_se,med_dse_rel,max_dse_rel
z10/eaf8/se6,Inverse variance weighted,100,1,0.00563593369655967,0.0348714679630477,0.119629355638382,0.00104326895898481,0.0149509145298632
z10/eaf8/se6+xse,Inverse variance weighted,100,1,0.00431893944757421,0.0131378189106735,0.0265222754954546,0.000552187572284508,0.00461141310464343
z10/eaf8/se7,Inverse variance weighted,100,1,0.00330607440010395,0.0196298721707728,0.0330350073144026,0.000552915785980588,0.00643444595200975
z10/eaf8/se7+xse,Inverse variance weighted,100,1,0.00269611176140294,0.00649258659050443,0.0173646809084618,0.000305104605939793,0.00203551191115558
z10/eaf8/se8,Inverse variance weighted,100,1,0.00347066405152579,0.0162272858546818,0.0381033069207114,0.000355849223095332,0.00204567894178104
z10/eaf8/se8+xse,Inverse variance weighted,100,1,0.00148354381307869,0.00397922196972144,0.00861583686451574,0.00014074185487672,0.00102531699948207
z9/eaf8/se6,Inverse variance weighted,100,1,0.00618365635852294,0.0346239690000807,0.120084353326137,0.00114569741853496,0.0147888105991899
z9/eaf8/se6+xse,Inverse variance weighted,100,1,0.00440629386433394,0.0132500058877284,0.0249426661199932,0.000591712416666135,0.00559305230439767
z9/eaf8/se7,Inverse variance weighted,100,1,0.00361486746467631,0.0208885053955842,0.0330866242756427,0.00071241501095424,0.00653613877197806
z9/eaf8/se7+xse,Inverse variance weighted,100,1,0.0029477057079111,0.00749029587759745,0.0160126724345696,0.000347384310992479,0.00302103671392194
z9/eaf8/se8,Inverse variance weighted,100,1,0.00343297237193754,0.015700084588228,0.0381033069207114,0.000468416662797373,0.00217049154810244
z9/eaf8/se8+xse,Inverse variance weighted,100,1,0.00170230376581852,0.00510768633009144,0.0115951245512035,0.000222691275364247,0.00180337636041678
z10/eaf8/se6,MR Egger,100,1,0.0163822801578046,0.0510388803453959,0.186329807075792,0.00274920859798717,0.018060201802671
z10/eaf8/se6+xse,MR Egger,100,1,0.00458465694998983,0.0143128126625004,0.0334178105598939,0.000782320367427823,0.0051835006218988
z10/eaf8/se7,MR Egger,100,1,0.00953820306569212,0.0245530347410289,0.0460006517811123,0.00177520290899796,0.00570028346336261
z10/eaf8/se7+xse,MR Egger,100,1,0.00174651459250238,0.00808539941005647,0.022373278854574,0.000435329225011072,0.00231631954452142
z10/eaf8/se8,MR Egger,100,1,0.00446799439014558,0.0106017721233797,0.0358974326159437,0.000752930043827881,0.00259540592108168
z10/eaf8/se8+xse,MR Egger,100,1,0.00188908770346687,0.00426635873274627,0.00772505627396245,0.000187740813511775,0.00108977680655078
z9/eaf8/se6,MR Egger,100,1,0.0165898622658474,0.0498377039731956,0.185511383997507,0.00276639210801583,0.018060201802671
z9/eaf8/se6+xse,MR Egger,100,1,0.00562847416701021,0.0149423405212535,0.0400762611761257,0.000892009487071287,0.00580502196607387
z9/eaf8/se7,MR Egger,100,1,0.00963972910542699,0.0226310727068526,0.0460006517811123,0.00190436091599662,0.00606961323308058
z9/eaf8/se7+xse,MR Egger,100,1,0.00318974822499265,0.00870156608035543,0.0198967735536434,0.000426892002737332,0.00273872122598478
z9/eaf8/se8,MR Egger,100,1,0.0053138371468222,0.0100076983768635,0.0358974326159437,0.000720875262551145,0.00304429405469209
z9/eaf8/se8+xse,MR Egger,100,1,0.00248174066902304,0.00577115553694096,0.0113145419118136,0.000284049921001421,0.00176516398648999
z10/eaf8/se6,Simple mode,100,1,0.00857862213410708,0.064255054213138,0.483010100417893,0.00547444886559074,0.0568189940898223
z10/eaf8/se6+xse,Simple mode,100,1,0.00742086383818429,0.0414711304164812,0.153147898828031,0.00469728181653441,0.0212336921745362
z10/eaf8/se7,Simple mode,100,1,0.0118358583931443,0.0637050928361692,0.167263840282895,0.00682392435655967,0.0237805806484223
z10/eaf8/se7+xse,Simple mode,100,1,0.00567446436435818,0.0317710457782876,0.0675816420784718,0.00504206955908532,0.0292639639129729
z10/eaf8/se8,Simple mode,100,1,0.00974351357895611,0.0396062294765335,2.26662736355712,0.00523525188892856,0.0202672894524898
z10/eaf8/se8+xse,Simple mode,100,1,0.00368349473501813,0.0335460367651789,2.26857457256091,0.00429956860250654,0.021927014832933
z9/eaf8/se6,Simple mode,100,1,0.012118935643913,0.0721598032412079,0.486249010817049,0.00705886390186898,0.0568189940898223
z9/eaf8/se6+xse,Simple mode,100,1,0.00789277874687368,0.0437023643908101,0.16095951338414,0.00519226612867224,0.0207032820498923
z9/eaf8/se7,Simple mode,100,1,0.0132548307249009,0.058872976947683,0.167263840282895,0.00626067743687692,0.0237805806484223
z9/eaf8/se7+xse,Simple mode,100,1,0.00772174269320983,0.0333979040895274,0.1085838523542,0.00576539008751548,0.0312986153705905
z9/eaf8/se8,Simple mode,100,1,0.0093161887758932,0.034737489812358,0.101879561963327,0.00614288491256247,0.0218883063988114
z9/eaf8/se8+xse,Simple mode,100,1,0.00437616859072092,0.0210808034869125,0.0648315343525598,0.00342977912258275,0.0218950537980401
z10/eaf8/se6,Weighted median,100,1,0.0136949718616226,0.144878716839733,0.349306006811233,0.00114167858773931,0.0107004215908269
z10/eaf8/se6+xse,Weighted median,100,1,0.00657476549076915,0.0418957936116264,0.118644584449761,0.00095961195099666,0.00641602914991895
z10/eaf8/se7,Weighted median,100,1,0.0106267431172831,0.0613278532204397,0.222662885886481,0.000640099469719662,0.00812697634835977
z10/eaf8/se7+xse,Weighted median,100,1,0.00387184468908217,0.0243453199272089,0.0688949162617055,0.000534384861075509,0.00272032992598239
z10/eaf8/se8,Weighted median,100,1,0.0104059620180442,0.0465894471764424,0.0820929231315,0.000547902999100412,0.00299194632314692
z10/eaf8/se8+xse,Weighted median,100,1,0.00320024859932778,0.016520357897472,0.0345611903841093,0.000259376035843044,0.0020682528437864
z9/eaf8/se6,Weighted median,100,1,0.0210519827127661,0.150478388427802,0.349306006811233,0.00116900689705998,0.0107004215908269
z9/eaf8/se6+xse,Weighted median,100,1,0.0117281496695613,0.0453048154243653,0.0893872174316437,0.000989339724201304,0.00540826823790461
z9/eaf8/se7,Weighted median,100,1,0.0159662659269786,0.0610527601056519,0.222662885886481,0.00073500677441482,0.00862702760796878
z9/eaf8/se7+xse,Weighted median,100,1,0.00505582198180853,0.0345095395737559,0.0803267849199927,0.000514936691926222,0.00418049348305807
z9/eaf8/se8,Weighted median,100,1,0.0159917753113484,0.0488457406236074,0.0820912168106273,0.000901843488318407,0.00299194632314692
z9/eaf8/se8+xse,Weighted median,100,1,0.00306642835110424,0.0249839745038256,0.0436181318463044,0.000445285931956403,0.002529866432598
z10/eaf8/se6,Weighted mode,100,1,0.010601969073724,0.0771936700768036,0.274081927272494,0.00766756136763534,0.0449522270260073
z10/eaf8/se6+xse,Weighted mode,100,1,0.011406938188141,0.0461523367380131,0.263324148213052,0.00641774554067772,0.0236110457091287
z10/eaf8/se7,Weighted mode,100,1,0.0101221658724949,0.0605027882357498,0.182114423051147,0.0057028642689081,0.0296216503854101
z10/eaf8/se7+xse,Weighted mode,100,1,0.00667897912215836,0.0360332184829457,0.0727979628527807,0.00429004233466608,0.0245332291415373
z10/eaf8/se8,Weighted mode,100,1,0.00930966120867276,0.0418340691081741,0.0776275364866596,0.00524751726557136,0.0184177509914305
z10/eaf8/se8+xse,Weighted mode,100,1,0.00396205426593823,0.0264035940514007,0.0514662804920936,0.00345942183886639,0.0187081879106362
z9/eaf8/se6,Weighted mode,100,1,0.0156379592516779,0.0725808902672661,0.274081927272494,0.00987187162020994,0.0462059825291657
z9/eaf8/se6+xse,Weighted mode,100,1,0.0132083882088525,0.0530074356042197,0.271715717420024,0.00833967702463821,0.0220106741733673
z9/eaf8/se7,Weighted mode,100,1,0.0178856252089715,0.0675653156496461,0.182114423051147,0.00795649718821552,0.0311819062827972
z9/eaf8/se7+xse,Weighted mode,100,1,0.00843724907885646,0.034942639174868,0.0669639356147755,0.0054193619276107,0.0226344260432739
z9/eaf8/se8,Weighted mode,100,1,0.0123876301426083,0.046264779302371,0.0776275364866596,0.00457279983414752,0.0212984007072915
z9/eaf8/se8+xse,Weighted mode,100,1,0.00534157998771476,0.0347087713813914,0.0653892519735106,0.00419524686010641,0.0204356128771343
